user_id,total_watch_time_mins,avg_session_duration_mins,number_of_sessions,viewing_frequency_per_week,completion_rate,weekend_viewing_ratio,genre_action_ratio,genre_comedy_ratio,genre_drama_ratio,genre_thriller_ratio,genre_scifi_ratio,genre_romance_ratio,genre_horror_ratio,genre_animation_ratio,top_genre
USR-1000,3398.7,117.8,31,9.0,0.9,0.64,0.448,0.05,0.017,0.385,0.075,0.003,0.012,0.01,Action
USR-1001,3144.7,133.0,21,9.0,0.94,0.44,0.402,0.083,0.013,0.41,0.056,0.025,0.008,0.004,Thriller
USR-1002,3459.1,108.4,23,9.0,0.86,0.38,0.457,0.006,0.066,0.3,0.117,0.01,0.021,0.023,Action
USR-1003,3809.2,116.0,33,12.6,0.75,0.3,0.491,0.055,0.027,0.255,0.153,0.016,0.0,0.003,Action
USR-1004,3106.3,120.4,30,10.1,0.88,0.27,0.544,0.034,0.043,0.335,0.038,0.004,0.002,0.0,Action
USR-1005,3106.3,104.0,29,10.1,0.8,0.29,0.389,0.058,0.015,0.347,0.137,0.014,0.021,0.018,Action
USR-1006,3831.7,113.4,30,11.0,0.81,0.48,0.418,0.053,0.016,0.353,0.14,0.014,0.004,0.002,Action
USR-1007,3507.0,110.2,31,9.9,0.9,0.5,0.354,0.026,0.052,0.341,0.208,0.0,0.019,0.001,Action
USR-1008,3012.2,111.5,27,9.1,0.95,0.29,0.394,0.041,0.003,0.387,0.123,0.028,0.025,0.0,Action
USR-1009,3417.0,98.4,26,9.2,0.85,0.54,0.517,0.003,0.023,0.246,0.175,0.024,0.006,0.005,Action
USR-1010,3014.6,110.4,30,9.4,0.87,0.4,0.469,0.046,0.027,0.291,0.138,0.005,0.015,0.008,Action
USR-1011,3013.7,117.5,25,9.4,0.99,0.46,0.526,0.054,0.038,0.29,0.077,0.0,0.0,0.015,Action
USR-1012,3296.8,131.8,32,10.6,0.87,0.61,0.397,0.049,0.025,0.312,0.169,0.013,0.016,0.018,Action
USR-1013,2434.7,124.4,21,9.6,1.0,0.54,0.461,0.061,0.038,0.244,0.158,0.011,0.012,0.015,Action
USR-1014,2510.0,142.3,35,10.6,0.9,0.42,0.401,0.05,0.046,0.288,0.178,0.014,0.015,0.008,Action
USR-1015,2975.1,98.5,32,9.4,0.71,0.36,0.468,0.033,0.034,0.214,0.233,0.009,0.003,0.006,Action
USR-1016,2794.9,123.1,31,9.6,0.91,0.23,0.397,0.028,0.013,0.443,0.082,0.019,0.0,0.019,Thriller
USR-1017,3325.7,112.8,34,6.5,0.88,0.38,0.404,0.022,0.021,0.308,0.19,0.021,0.013,0.02,Action
USR-1018,2836.8,142.8,38,10.9,0.95,0.43,0.546,0.057,0.048,0.201,0.124,0.014,0.0,0.01,Action
USR-1019,2635.1,97.9,35,10.0,0.9,0.35,0.432,0.066,0.046,0.29,0.155,0.0,0.007,0.005,Action
USR-1020,3786.3,97.4,20,11.0,0.84,0.44,0.472,0.038,0.003,0.279,0.161,0.026,0.021,0.0,Action
USR-1021,3109.7,101.0,23,5.2,0.75,0.46,0.471,0.046,0.041,0.251,0.149,0.029,0.013,0.0,Action
USR-1022,3227.0,78.1,26,12.6,0.83,0.43,0.454,0.023,0.0,0.299,0.133,0.043,0.031,0.017,Action
USR-1023,2630.1,102.1,30,9.3,0.78,0.38,0.493,0.056,0.027,0.248,0.144,0.0,0.018,0.014,Action
USR-1024,2982.2,98.6,32,11.2,0.8,0.47,0.284,0.055,0.071,0.464,0.093,0.013,0.004,0.016,Thriller
USR-1025,3244.4,112.3,26,7.9,0.9,0.49,0.482,0.066,0.009,0.275,0.152,0.0,0.009,0.007,Action
USR-1026,2739.6,115.1,30,10.4,0.98,0.34,0.436,0.029,0.017,0.282,0.173,0.02,0.012,0.031,Action
USR-1027,3350.3,138.1,26,7.9,0.88,0.59,0.483,0.037,0.051,0.3,0.118,0.005,0.0,0.006,Action
USR-1028,2959.7,124.3,26,8.6,0.75,0.44,0.414,0.044,0.0,0.36,0.132,0.029,0.001,0.019,Action
USR-1029,3083.3,101.3,22,12.4,0.89,0.45,0.411,0.044,0.014,0.352,0.166,0.002,0.004,0.008,Action
USR-1030,2959.3,96.5,25,9.2,0.95,0.52,0.437,0.048,0.057,0.278,0.174,0.0,0.0,0.005,Action
USR-1031,3940.9,117.4,23,9.8,0.8,0.47,0.535,0.025,0.019,0.206,0.181,0.006,0.012,0.017,Action
USR-1032,3194.6,90.2,25,10.8,0.84,0.55,0.49,0.046,0.02,0.33,0.097,0.0,0.006,0.011,Action
USR-1033,2776.9,137.5,35,10.2,0.85,0.48,0.35,0.056,0.046,0.332,0.185,0.018,0.0,0.014,Action
USR-1034,3529.0,127.7,25,9.7,0.79,0.39,0.477,0.022,0.039,0.254,0.182,0.0,0.014,0.011,Action
USR-1035,2711.7,103.0,43,10.0,0.9,0.49,0.363,0.061,0.032,0.304,0.205,0.009,0.016,0.009,Action
USR-1036,3283.5,84.3,32,13.1,0.84,0.34,0.537,0.07,0.026,0.157,0.159,0.0,0.014,0.038,Action
USR-1037,2416.1,130.3,30,9.4,0.88,0.46,0.433,0.041,0.036,0.288,0.169,0.007,0.006,0.021,Action
USR-1038,2668.7,108.3,25,9.8,0.78,0.45,0.398,0.042,0.027,0.319,0.154,0.026,0.016,0.017,Action
USR-1039,3278.7,128.6,33,11.1,0.82,0.43,0.415,0.043,0.033,0.302,0.171,0.012,0.014,0.009,Action
USR-1040,3495.4,86.1,27,11.2,0.91,0.44,0.576,0.022,0.019,0.232,0.117,0.001,0.013,0.019,Action
USR-1041,3268.5,101.0,30,11.3,0.82,0.26,0.429,0.04,0.026,0.301,0.177,0.01,0.002,0.015,Action
USR-1042,3153.7,110.1,42,10.5,0.99,0.4,0.541,0.0,0.011,0.261,0.152,0.011,0.014,0.011,Action
USR-1043,3079.6,110.7,29,7.8,0.82,0.46,0.369,0.061,0.031,0.336,0.157,0.016,0.023,0.007,Action
USR-1044,2608.6,103.2,35,12.0,0.87,0.47,0.462,0.011,0.017,0.304,0.19,0.0,0.005,0.011,Action
USR-1045,2912.1,119.3,26,7.8,0.92,0.35,0.465,0.067,0.007,0.263,0.153,0.015,0.03,0.0,Action
USR-1046,3015.7,94.0,29,10.0,0.74,0.58,0.547,0.032,0.034,0.231,0.14,0.0,0.005,0.012,Action
USR-1047,3622.8,107.9,38,8.4,0.71,0.36,0.449,0.034,0.032,0.318,0.149,0.003,0.01,0.005,Action
USR-1048,3337.4,111.8,26,9.4,0.73,0.55,0.387,0.025,0.042,0.32,0.194,0.005,0.003,0.024,Action
USR-1049,2494.8,117.7,39,10.0,0.95,0.49,0.441,0.034,0.021,0.28,0.186,0.016,0.012,0.01,Action
USR-1050,3329.6,120.7,33,10.0,0.81,0.39,0.367,0.072,0.04,0.317,0.194,0.011,0.0,0.0,Action
USR-1051,3046.0,93.1,27,10.1,1.0,0.63,0.555,0.0,0.046,0.237,0.147,0.0,0.005,0.011,Action
USR-1052,2929.2,87.0,33,11.9,0.8,0.33,0.51,0.064,0.038,0.276,0.112,0.0,0.0,0.0,Action
USR-1053,3444.7,129.2,34,10.2,0.86,0.54,0.415,0.047,0.014,0.298,0.189,0.012,0.011,0.015,Action
USR-1054,3612.4,115.0,33,9.1,0.97,0.55,0.36,0.014,0.029,0.399,0.162,0.008,0.017,0.011,Thriller
USR-1055,3572.5,98.8,22,10.9,1.0,0.38,0.467,0.018,0.037,0.231,0.207,0.004,0.016,0.019,Action
USR-1056,2864.3,133.3,26,11.3,1.0,0.59,0.399,0.071,0.029,0.373,0.121,0.005,0.0,0.002,Action
USR-1057,3076.3,111.7,28,7.7,0.95,0.42,0.434,0.021,0.0,0.351,0.137,0.017,0.03,0.01,Action
USR-1058,3332.5,127.7,29,10.4,0.93,0.48,0.568,0.016,0.031,0.291,0.078,0.004,0.012,0.0,Action
USR-1059,3590.2,111.0,33,10.6,0.9,0.48,0.379,0.055,0.065,0.357,0.118,0.008,0.002,0.015,Action
USR-1060,3008.3,140.9,30,9.1,0.91,0.44,0.397,0.044,0.021,0.304,0.179,0.03,0.011,0.014,Action
USR-1061,3125.7,136.3,23,11.6,0.81,0.53,0.435,0.023,0.017,0.353,0.143,0.0,0.013,0.016,Action
USR-1062,2757.5,106.3,31,9.3,0.78,0.53,0.473,0.041,0.035,0.276,0.163,0.0,0.003,0.009,Action
USR-1063,2721.5,124.6,33,9.7,0.85,0.28,0.414,0.019,0.034,0.355,0.135,0.017,0.011,0.013,Action
USR-1064,3525.0,119.7,32,9.2,0.84,0.58,0.37,0.058,0.05,0.34,0.151,0.003,0.004,0.024,Action
USR-1065,3742.5,130.5,35,9.5,0.81,0.28,0.551,0.061,0.005,0.26,0.103,0.007,0.006,0.007,Action
USR-1066,3171.2,95.5,34,7.9,0.91,0.55,0.537,0.048,0.043,0.21,0.146,0.002,0.003,0.011,Action
USR-1067,3601.4,120.3,32,7.3,0.93,0.56,0.492,0.058,0.051,0.352,0.037,0.009,0.0,0.0,Action
USR-1068,3344.7,125.9,29,11.9,0.86,0.34,0.36,0.09,0.032,0.301,0.17,0.031,0.014,0.002,Action
USR-1069,2942.0,83.6,21,8.2,0.97,0.41,0.514,0.039,0.036,0.287,0.082,0.017,0.015,0.011,Action
USR-1070,3344.6,92.3,32,8.0,0.76,0.34,0.363,0.015,0.046,0.344,0.182,0.017,0.014,0.019,Action
USR-1071,3815.2,79.4,31,6.3,0.83,0.43,0.471,0.045,0.044,0.25,0.166,0.0,0.017,0.007,Action
USR-1072,3185.7,106.0,31,8.5,0.79,0.42,0.337,0.094,0.008,0.343,0.194,0.0,0.015,0.009,Thriller
USR-1073,3825.9,120.8,23,7.5,0.7,0.53,0.469,0.018,0.042,0.273,0.19,0.0,0.004,0.005,Action
USR-1074,2152.1,132.5,24,12.0,0.84,0.58,0.391,0.036,0.032,0.389,0.124,0.002,0.02,0.005,Action
USR-1075,3528.8,111.1,35,11.0,0.84,0.59,0.506,0.048,0.031,0.164,0.219,0.019,0.0,0.013,Action
USR-1076,3234.8,134.4,29,8.5,0.97,0.39,0.456,0.039,0.032,0.267,0.189,0.015,0.001,0.0,Action
USR-1077,3080.4,89.3,33,12.9,0.9,0.43,0.413,0.022,0.03,0.345,0.155,0.009,0.0,0.025,Action
USR-1078,3236.7,84.4,30,11.0,0.77,0.28,0.368,0.055,0.047,0.328,0.172,0.009,0.018,0.003,Action
USR-1079,2405.0,109.2,30,9.0,1.0,0.37,0.488,0.083,0.027,0.261,0.102,0.003,0.019,0.017,Action
USR-1080,3112.1,115.8,34,5.8,0.95,0.55,0.545,0.052,0.009,0.223,0.139,0.014,0.018,0.0,Action
USR-1081,3342.8,109.5,27,12.9,0.9,0.61,0.469,0.021,0.021,0.318,0.119,0.017,0.02,0.016,Action
USR-1082,3791.2,79.0,30,7.4,0.83,0.33,0.574,0.009,0.032,0.247,0.122,0.0,0.001,0.016,Action
USR-1083,2992.7,108.7,27,7.0,0.77,0.39,0.405,0.056,0.068,0.285,0.134,0.016,0.017,0.017,Action
USR-1084,2876.6,90.4,27,11.0,0.82,0.45,0.494,0.053,0.036,0.224,0.17,0.016,0.007,0.0,Action
USR-1085,2999.3,120.0,28,13.2,0.94,0.48,0.465,0.05,0.013,0.293,0.142,0.006,0.019,0.013,Action
USR-1086,3566.2,115.5,31,11.6,1.0,0.37,0.397,0.042,0.084,0.277,0.172,0.018,0.009,0.0,Action
USR-1087,3331.5,95.9,27,10.3,0.97,0.49,0.456,0.037,0.047,0.222,0.169,0.051,0.008,0.01,Action
USR-1088,2988.1,102.3,36,10.4,0.81,0.4,0.442,0.018,0.056,0.36,0.078,0.009,0.016,0.021,Action
USR-1089,3405.3,94.1,25,10.8,0.76,0.45,0.438,0.047,0.023,0.315,0.135,0.012,0.016,0.015,Action
USR-1090,3238.8,109.1,29,10.6,0.86,0.5,0.455,0.06,0.042,0.351,0.076,0.003,0.003,0.01,Action
USR-1091,3587.5,124.3,27,9.9,0.71,0.45,0.556,0.009,0.046,0.226,0.143,0.011,0.009,0.0,Action
USR-1092,2919.2,95.2,37,9.7,0.88,0.41,0.382,0.082,0.062,0.329,0.109,0.017,0.0,0.019,Action
USR-1093,3068.9,117.6,30,9.4,0.84,0.44,0.407,0.047,0.046,0.272,0.208,0.011,0.0,0.009,Action
USR-1094,3043.2,102.0,35,8.4,0.81,0.44,0.35,0.068,0.047,0.336,0.187,0.0,0.012,0.0,Action
USR-1095,2614.6,98.1,22,9.1,0.72,0.41,0.454,0.012,0.022,0.322,0.146,0.011,0.015,0.017,Action
USR-1096,3318.4,108.4,31,7.0,0.89,0.42,0.493,0.012,0.018,0.242,0.19,0.023,0.012,0.009,Action
USR-1097,3304.4,94.5,34,9.4,0.81,0.61,0.439,0.039,0.039,0.322,0.123,0.015,0.0,0.023,Action
USR-1098,3202.0,101.7,30,8.0,0.76,0.51,0.279,0.058,0.056,0.378,0.198,0.023,0.007,0.0,Thriller
USR-1099,3106.2,92.0,35,7.8,0.62,0.42,0.416,0.068,0.023,0.346,0.141,0.007,0.0,0.0,Action
USR-1100,2633.9,139.5,27,9.8,0.85,0.52,0.423,0.047,0.045,0.298,0.14,0.015,0.021,0.011,Action
USR-1101,3031.7,110.5,37,11.6,0.99,0.42,0.419,0.031,0.051,0.302,0.175,0.011,0.0,0.011,Action
USR-1102,3062.9,99.5,41,10.9,0.98,0.57,0.505,0.018,0.011,0.281,0.165,0.0,0.021,0.0,Action
USR-1103,2879.1,113.2,28,7.1,0.81,0.49,0.357,0.063,0.013,0.377,0.158,0.013,0.019,0.0,Thriller
USR-1104,3135.5,108.3,27,8.0,0.8,0.44,0.505,0.021,0.027,0.325,0.084,0.0,0.001,0.038,Action
USR-1105,3361.6,106.7,37,10.9,0.89,0.49,0.532,0.071,0.035,0.242,0.109,0.004,0.0,0.007,Action
USR-1106,3954.5,119.2,37,8.0,0.77,0.29,0.33,0.037,0.021,0.412,0.155,0.013,0.014,0.019,Thriller
USR-1107,3269.8,121.4,27,9.2,0.87,0.34,0.425,0.064,0.051,0.306,0.138,0.012,0.001,0.003,Action
USR-1108,3303.0,102.0,27,10.3,0.91,0.33,0.46,0.06,0.043,0.307,0.118,0.0,0.012,0.0,Action
USR-1109,3170.2,101.4,28,8.0,0.95,0.46,0.417,0.035,0.029,0.255,0.232,0.019,0.005,0.008,Action
USR-1110,2432.5,105.9,23,9.7,0.84,0.62,0.451,0.028,0.001,0.3,0.199,0.015,0.0,0.007,Action
USR-1111,3189.4,75.5,25,7.5,0.83,0.67,0.429,0.035,0.004,0.342,0.182,0.003,0.0,0.006,Action
USR-1112,3224.1,87.3,24,8.6,0.78,0.51,0.41,0.05,0.037,0.323,0.158,0.0,0.013,0.009,Action
USR-1113,4185.3,130.5,26,10.0,0.78,0.5,0.462,0.042,0.0,0.325,0.144,0.009,0.004,0.013,Action
USR-1114,3123.1,134.7,29,7.1,0.83,0.27,0.373,0.029,0.052,0.413,0.115,0.006,0.005,0.009,Thriller
USR-1115,3320.6,106.3,31,10.2,0.88,0.4,0.374,0.038,0.028,0.375,0.157,0.011,0.017,0.0,Thriller
USR-1116,3186.1,118.6,37,9.5,0.92,0.37,0.436,0.036,0.082,0.27,0.139,0.006,0.019,0.013,Action
USR-1117,2732.5,114.7,25,10.3,0.79,0.39,0.399,0.0,0.085,0.397,0.112,0.0,0.008,0.0,Action
USR-1118,3657.1,156.2,34,9.8,0.97,0.43,0.507,0.05,0.027,0.24,0.165,0.006,0.007,0.0,Action
USR-1119,3500.8,126.8,28,11.5,0.83,0.4,0.467,0.02,0.027,0.311,0.138,0.007,0.014,0.017,Action
USR-1120,3516.4,108.1,29,9.7,0.85,0.25,0.35,0.019,0.056,0.458,0.083,0.018,0.0,0.017,Thriller
USR-1121,2836.2,95.7,33,8.9,0.79,0.52,0.443,0.007,0.072,0.321,0.129,0.003,0.014,0.011,Action
USR-1122,3761.1,85.9,24,9.7,0.66,0.34,0.56,0.004,0.0,0.256,0.137,0.027,0.016,0.0,Action
USR-1123,2639.3,113.1,31,10.3,0.92,0.47,0.417,0.014,0.0,0.293,0.253,0.0,0.019,0.003,Action
USR-1124,3434.7,98.7,30,9.6,0.91,0.66,0.462,0.029,0.02,0.263,0.193,0.026,0.0,0.008,Action
USR-1125,4076.2,88.7,32,9.6,0.83,0.36,0.503,0.082,0.043,0.261,0.1,0.008,0.002,0.0,Action
USR-1126,2803.8,100.3,31,8.4,0.86,0.2,0.487,0.028,0.038,0.264,0.161,0.018,0.001,0.002,Action
USR-1127,2973.5,93.8,42,8.5,0.89,0.42,0.496,0.05,0.059,0.249,0.102,0.012,0.013,0.019,Action
USR-1128,3239.9,135.3,26,7.4,0.72,0.56,0.398,0.047,0.006,0.298,0.191,0.021,0.015,0.024,Action
USR-1129,2998.6,123.2,27,12.1,0.81,0.65,0.5,0.038,0.0,0.314,0.116,0.005,0.022,0.005,Action
USR-1130,2579.7,109.9,26,7.6,0.91,0.33,0.541,0.035,0.043,0.225,0.134,0.0,0.005,0.016,Action
USR-1131,3227.4,132.2,27,8.5,0.75,0.5,0.447,0.014,0.011,0.331,0.172,0.02,0.004,0.0,Action
USR-1132,2775.1,111.2,26,8.4,0.87,0.4,0.456,0.069,0.0,0.33,0.098,0.009,0.021,0.017,Action
USR-1133,3389.4,97.1,35,10.8,0.74,0.44,0.394,0.078,0.034,0.37,0.096,0.012,0.013,0.002,Action
USR-1134,2832.2,132.8,37,9.1,0.89,0.71,0.435,0.007,0.052,0.296,0.144,0.025,0.026,0.015,Action
USR-1135,3820.0,118.1,27,11.4,0.85,0.3,0.446,0.018,0.025,0.319,0.174,0.0,0.012,0.007,Action
USR-1136,2886.7,94.4,25,8.5,0.72,0.48,0.536,0.038,0.023,0.26,0.099,0.018,0.0,0.026,Action
USR-1137,3071.2,107.1,32,9.9,0.94,0.5,0.559,0.021,0.027,0.352,0.037,0.004,0.0,0.001,Action
USR-1138,3525.4,96.9,27,8.2,0.79,0.56,0.482,0.048,0.022,0.298,0.127,0.008,0.0,0.016,Action
USR-1139,2707.7,89.3,33,12.7,0.79,0.46,0.367,0.028,0.003,0.371,0.192,0.012,0.019,0.008,Thriller
USR-1140,3291.0,123.9,31,7.7,0.87,0.48,0.49,0.076,0.014,0.21,0.182,0.0,0.02,0.008,Action
USR-1141,3722.9,138.6,22,10.0,0.94,0.41,0.415,0.072,0.045,0.276,0.148,0.002,0.032,0.009,Action
USR-1142,2557.0,89.0,37,10.5,0.77,0.48,0.414,0.044,0.036,0.332,0.132,0.023,0.018,0.002,Action
USR-1143,3273.9,118.4,38,10.1,0.85,0.42,0.446,0.057,0.032,0.231,0.186,0.018,0.021,0.009,Action
USR-1144,3304.0,100.2,26,9.2,0.88,0.51,0.55,0.056,0.009,0.296,0.068,0.008,0.004,0.008,Action
USR-1145,3512.7,102.7,28,9.3,0.91,0.41,0.618,0.025,0.023,0.193,0.119,0.011,0.0,0.011,Action
USR-1146,2705.2,101.1,31,9.6,0.86,0.49,0.467,0.022,0.0,0.329,0.148,0.007,0.017,0.01,Action
USR-1147,2671.8,97.0,31,9.3,0.82,0.45,0.453,0.043,0.035,0.235,0.175,0.025,0.015,0.019,Action
USR-1148,3408.8,110.7,33,10.9,0.78,0.56,0.444,0.052,0.053,0.3,0.117,0.007,0.01,0.017,Action
USR-1149,3318.8,97.5,40,12.8,0.86,0.44,0.483,0.04,0.0,0.313,0.14,0.011,0.013,0.0,Action
USR-1150,3300.2,114.1,29,8.7,0.76,0.27,0.522,0.01,0.022,0.318,0.062,0.026,0.016,0.023,Action
USR-1151,3338.6,109.2,26,7.4,0.62,0.58,0.522,0.021,0.032,0.294,0.109,0.002,0.02,0.0,Action
USR-1152,2928.0,106.4,23,9.4,0.88,0.36,0.422,0.035,0.05,0.284,0.151,0.023,0.021,0.014,Action
USR-1153,3292.9,96.4,26,13.4,0.92,0.38,0.511,0.04,0.022,0.279,0.115,0.0,0.016,0.017,Action
USR-1154,3317.2,101.3,29,8.3,0.66,0.39,0.486,0.077,0.016,0.231,0.147,0.025,0.018,0.0,Action
USR-1155,2914.3,121.3,38,12.0,0.77,0.59,0.551,0.014,0.0,0.207,0.191,0.007,0.017,0.012,Action
USR-1156,3946.3,117.5,27,12.0,0.9,0.24,0.481,0.047,0.03,0.299,0.127,0.007,0.005,0.005,Action
USR-1157,3389.5,95.3,31,8.7,1.0,0.76,0.433,0.076,0.077,0.223,0.17,0.0,0.019,0.003,Action
USR-1158,2723.5,111.5,29,10.4,0.85,0.56,0.417,0.088,0.037,0.314,0.115,0.006,0.0,0.024,Action
USR-1159,3462.6,121.3,35,11.9,0.79,0.47,0.414,0.037,0.034,0.325,0.162,0.0,0.024,0.004,Action
USR-1160,2810.1,85.0,42,8.9,0.84,0.44,0.444,0.046,0.033,0.312,0.16,0.004,0.0,0.002,Action
USR-1161,3514.8,118.2,27,9.2,0.96,0.48,0.482,0.048,0.028,0.265,0.147,0.008,0.012,0.01,Action
USR-1162,3663.4,100.1,27,8.6,0.8,0.5,0.492,0.044,0.014,0.283,0.128,0.02,0.002,0.017,Action
USR-1163,2871.7,118.6,35,8.0,0.79,0.51,0.484,0.031,0.038,0.285,0.132,0.01,0.013,0.007,Action
USR-1164,3585.4,98.6,33,8.5,0.81,0.51,0.418,0.045,0.032,0.298,0.166,0.012,0.009,0.02,Action
USR-1165,3365.1,82.9,39,7.7,0.77,0.46,0.538,0.0,0.032,0.341,0.073,0.0,0.0,0.016,Action
USR-1166,3528.8,85.6,32,9.6,0.86,0.43,0.375,0.055,0.011,0.339,0.203,0.001,0.015,0.0,Action
USR-1167,3958.7,110.7,28,8.3,0.98,0.43,0.466,0.047,0.062,0.231,0.152,0.031,0.005,0.005,Action
USR-1168,3101.8,113.9,32,9.9,0.88,0.43,0.45,0.032,0.039,0.308,0.149,0.002,0.017,0.004,Action
USR-1169,2898.5,96.4,35,7.2,0.83,0.56,0.43,0.067,0.016,0.28,0.164,0.022,0.008,0.012,Action
USR-1170,2844.2,119.6,34,10.0,0.83,0.51,0.497,0.031,0.058,0.278,0.111,0.009,0.016,0.0,Action
USR-1171,2873.7,85.1,32,10.8,0.72,0.16,0.468,0.034,0.021,0.301,0.128,0.011,0.0,0.037,Action
USR-1172,3169.2,109.0,35,6.5,0.92,0.52,0.365,0.089,0.016,0.331,0.154,0.023,0.005,0.017,Action
USR-1173,3336.5,91.8,35,10.1,0.84,0.47,0.463,0.026,0.016,0.321,0.13,0.025,0.006,0.013,Action
USR-1174,3310.7,100.2,36,11.3,0.84,0.45,0.458,0.025,0.0,0.281,0.193,0.008,0.016,0.019,Action
USR-1175,3530.9,110.7,33,7.7,1.0,0.41,0.435,0.032,0.035,0.338,0.101,0.005,0.023,0.029,Action
USR-1176,3205.2,97.1,29,12.0,0.87,0.56,0.458,0.053,0.0,0.341,0.119,0.009,0.002,0.017,Action
USR-1177,3781.4,104.2,30,10.1,0.79,0.54,0.485,0.047,0.006,0.236,0.169,0.014,0.022,0.021,Action
USR-1178,3094.1,125.1,36,8.4,0.82,0.37,0.482,0.015,0.0,0.361,0.109,0.02,0.0,0.012,Action
USR-1179,4288.1,101.3,25,9.4,0.94,0.49,0.402,0.03,0.029,0.385,0.136,0.01,0.0,0.009,Action
USR-1180,3450.3,122.5,31,10.3,0.86,0.35,0.473,0.026,0.025,0.302,0.152,0.015,0.0,0.005,Action
USR-1181,2857.1,93.1,28,9.6,0.73,0.31,0.45,0.036,0.022,0.34,0.127,0.025,0.0,0.002,Action
USR-1182,2771.6,117.9,30,10.3,0.92,0.39,0.433,0.043,0.008,0.372,0.129,0.012,0.0,0.003,Action
USR-1183,3393.0,131.6,36,8.1,0.8,0.54,0.416,0.049,0.007,0.369,0.131,0.013,0.014,0.0,Action
USR-1184,3110.6,72.9,30,9.8,1.0,0.55,0.374,0.006,0.053,0.424,0.12,0.0,0.011,0.012,Thriller
USR-1185,3485.6,98.0,30,7.4,0.94,0.5,0.465,0.053,0.016,0.313,0.141,0.0,0.012,0.0,Action
USR-1186,3389.3,118.7,23,9.3,0.81,0.52,0.387,0.042,0.034,0.29,0.207,0.013,0.016,0.011,Action
USR-1187,3170.9,107.0,33,8.1,0.95,0.5,0.403,0.072,0.013,0.319,0.16,0.01,0.013,0.01,Action
USR-1188,2861.3,115.6,33,8.4,0.86,0.39,0.477,0.046,0.032,0.263,0.15,0.005,0.016,0.011,Action
USR-1189,2594.1,100.9,40,11.4,0.92,0.49,0.369,0.055,0.049,0.347,0.157,0.011,0.008,0.004,Action
USR-1190,3021.4,111.3,28,11.1,0.89,0.53,0.521,0.048,0.041,0.245,0.097,0.009,0.0,0.04,Action
USR-1191,3542.6,107.7,31,10.4,0.78,0.53,0.395,0.053,0.017,0.31,0.173,0.017,0.016,0.019,Action
USR-1192,3285.6,127.5,31,7.9,0.8,0.57,0.462,0.046,0.032,0.302,0.145,0.01,0.004,0.0,Action
USR-1193,2701.7,113.8,37,9.0,0.93,0.52,0.4,0.045,0.03,0.254,0.253,0.003,0.001,0.014,Action
USR-1194,3269.3,115.1,29,11.3,0.82,0.49,0.481,0.075,0.027,0.283,0.106,0.017,0.007,0.003,Action
USR-1195,3354.1,103.8,31,9.7,0.82,0.56,0.492,0.06,0.025,0.182,0.233,0.008,0.001,0.0,Action
USR-1196,2846.5,102.7,33,13.0,0.77,0.45,0.405,0.05,0.026,0.325,0.174,0.015,0.006,0.0,Action
USR-1197,3261.5,103.5,30,10.1,0.88,0.36,0.432,0.014,0.032,0.331,0.161,0.005,0.013,0.013,Action
USR-1198,3223.3,115.9,27,9.8,1.0,0.43,0.397,0.018,0.013,0.341,0.205,0.005,0.017,0.004,Action
USR-1199,2742.8,103.7,30,9.0,0.76,0.38,0.475,0.045,0.01,0.302,0.138,0.011,0.001,0.019,Action
USR-1200,3343.1,114.3,35,9.7,0.85,0.38,0.346,0.04,0.002,0.392,0.186,0.01,0.005,0.019,Thriller
USR-1201,3424.3,141.1,24,9.3,0.96,0.44,0.4,0.032,0.0,0.316,0.182,0.017,0.024,0.028,Action
USR-1202,3633.2,123.1,30,10.6,0.84,0.37,0.463,0.06,0.008,0.334,0.101,0.01,0.021,0.002,Action
USR-1203,3621.5,105.1,26,10.9,0.89,0.42,0.455,0.061,0.028,0.329,0.089,0.0,0.026,0.012,Action
USR-1204,2648.9,128.0,35,8.3,0.77,0.26,0.374,0.05,0.011,0.39,0.133,0.005,0.02,0.015,Thriller
USR-1205,2824.9,103.9,22,7.5,0.88,0.47,0.504,0.015,0.035,0.264,0.143,0.016,0.019,0.005,Action
USR-1206,3406.0,79.4,27,6.7,0.84,0.45,0.41,0.038,0.031,0.363,0.149,0.007,0.0,0.002,Action
USR-1207,3405.5,94.9,31,10.3,0.93,0.37,0.324,0.025,0.0,0.393,0.205,0.008,0.018,0.027,Thriller
USR-1208,3406.0,81.9,37,7.8,0.94,0.52,0.448,0.04,0.054,0.317,0.089,0.025,0.012,0.015,Action
USR-1209,4741.1,104.7,29,6.3,1.0,0.54,0.51,0.029,0.043,0.251,0.145,0.003,0.004,0.015,Action
USR-1210,3428.4,110.3,27,10.1,0.9,0.29,0.464,0.032,0.011,0.397,0.082,0.0,0.012,0.002,Action
USR-1211,3654.2,135.1,39,13.2,0.88,0.37,0.38,0.014,0.036,0.375,0.169,0.008,0.018,0.0,Action
USR-1212,3581.6,114.9,22,9.5,0.87,0.37,0.455,0.037,0.013,0.328,0.144,0.005,0.015,0.004,Action
USR-1213,3460.6,106.7,19,10.8,0.82,0.36,0.503,0.03,0.033,0.253,0.171,0.0,0.001,0.009,Action
USR-1214,3073.9,122.4,32,9.6,0.88,0.53,0.488,0.0,0.004,0.38,0.105,0.007,0.016,0.0,Action
USR-1215,3503.6,76.8,27,9.4,0.83,0.43,0.494,0.071,0.0,0.234,0.176,0.013,0.003,0.009,Action
USR-1216,2890.9,113.5,24,10.9,0.86,0.42,0.422,0.062,0.022,0.28,0.192,0.01,0.012,0.0,Action
USR-1217,3105.3,121.6,33,9.1,0.96,0.25,0.375,0.035,0.03,0.349,0.189,0.014,0.008,0.0,Action
USR-1218,3005.9,87.8,31,9.9,0.77,0.51,0.39,0.038,0.021,0.367,0.135,0.026,0.007,0.016,Action
USR-1219,3232.7,127.2,27,10.0,0.94,0.33,0.445,0.016,0.006,0.332,0.164,0.006,0.017,0.015,Action
USR-1220,4125.9,115.1,23,8.5,0.96,0.46,0.399,0.079,0.024,0.348,0.13,0.014,0.0,0.007,Action
USR-1221,2453.1,103.8,34,11.0,0.84,0.48,0.361,0.075,0.034,0.317,0.178,0.005,0.029,0.0,Action
USR-1222,3474.5,119.5,33,9.2,0.68,0.59,0.446,0.04,0.027,0.283,0.202,0.001,0.0,0.0,Action
USR-1223,2554.9,144.1,29,8.4,0.8,0.32,0.413,0.056,0.031,0.309,0.178,0.004,0.004,0.006,Action
USR-1224,3011.2,112.7,39,10.3,0.95,0.15,0.554,0.053,0.02,0.181,0.148,0.006,0.017,0.02,Action
USR-1225,3635.6,113.7,24,8.2,0.85,0.47,0.409,0.014,0.056,0.297,0.173,0.014,0.017,0.02,Action
USR-1226,3225.7,103.1,22,9.5,0.77,0.63,0.464,0.034,0.007,0.338,0.106,0.036,0.01,0.005,Action
USR-1227,2768.9,97.3,26,9.5,0.81,0.57,0.43,0.049,0.045,0.264,0.198,0.003,0.011,0.0,Action
USR-1228,2913.9,122.5,29,11.1,0.92,0.47,0.461,0.027,0.047,0.286,0.149,0.005,0.012,0.011,Action
USR-1229,3471.8,97.2,31,10.2,0.89,0.4,0.538,0.036,0.04,0.291,0.076,0.009,0.008,0.002,Action
USR-1230,2907.9,111.1,28,9.5,0.83,0.53,0.329,0.042,0.028,0.442,0.113,0.015,0.026,0.005,Thriller
USR-1231,3286.6,102.8,31,10.7,0.82,0.35,0.368,0.038,0.019,0.386,0.136,0.012,0.018,0.023,Thriller
USR-1232,3218.2,117.2,23,11.6,0.82,0.5,0.37,0.046,0.057,0.305,0.155,0.026,0.021,0.02,Action
USR-1233,2939.4,115.0,37,10.3,0.78,0.5,0.484,0.023,0.002,0.354,0.124,0.0,0.0,0.014,Action
USR-1234,4057.6,125.6,29,9.5,0.98,0.56,0.467,0.027,0.011,0.311,0.174,0.0,0.01,0.0,Action
USR-1235,3453.6,102.3,35,7.5,0.82,0.73,0.404,0.017,0.027,0.33,0.193,0.006,0.008,0.015,Action
USR-1236,2389.9,106.0,31,7.9,0.95,0.49,0.382,0.06,0.056,0.316,0.144,0.021,0.0,0.021,Action
USR-1237,3274.6,95.3,32,9.0,0.97,0.4,0.461,0.0,0.047,0.318,0.149,0.0,0.017,0.008,Action
USR-1238,2935.3,103.3,32,8.6,0.93,0.45,0.47,0.064,0.011,0.234,0.193,0.0,0.005,0.024,Action
USR-1239,3541.0,115.7,32,9.2,0.82,0.27,0.394,0.059,0.021,0.292,0.187,0.014,0.014,0.02,Action
USR-1240,2883.0,121.4,33,9.6,0.88,0.38,0.412,0.036,0.019,0.355,0.137,0.013,0.0,0.028,Action
USR-1241,3154.1,96.2,36,10.3,0.85,0.41,0.517,0.0,0.018,0.281,0.14,0.0,0.03,0.015,Action
USR-1242,3402.0,123.0,30,9.4,0.78,0.4,0.395,0.032,0.048,0.344,0.165,0.0,0.001,0.015,Action
USR-1243,3546.3,130.3,33,10.2,0.88,0.47,0.474,0.043,0.003,0.29,0.15,0.0,0.013,0.027,Action
USR-1244,2719.9,116.2,29,9.6,0.76,0.37,0.499,0.017,0.053,0.27,0.124,0.01,0.015,0.012,Action
USR-1245,3066.2,138.2,37,6.5,0.95,0.56,0.474,0.025,0.04,0.297,0.153,0.003,0.004,0.004,Action
USR-1246,3010.0,98.4,26,8.1,0.81,0.45,0.394,0.08,0.059,0.339,0.084,0.017,0.021,0.006,Action
USR-1247,2938.7,91.3,39,9.3,0.87,0.45,0.456,0.047,0.018,0.289,0.179,0.0,0.0,0.011,Action
USR-1248,3906.2,83.3,29,7.7,0.87,0.42,0.509,0.021,0.027,0.266,0.151,0.001,0.024,0.0,Action
USR-1249,3362.0,132.4,22,10.4,0.83,0.47,0.443,0.01,0.002,0.357,0.165,0.0,0.013,0.011,Action
USR-1250,2695.6,119.8,30,11.8,0.9,0.53,0.498,0.032,0.019,0.278,0.141,0.007,0.004,0.02,Action
USR-1251,3567.1,109.2,26,11.3,0.81,0.36,0.539,0.034,0.037,0.24,0.14,0.004,0.007,0.0,Action
USR-1252,4048.9,114.2,34,9.2,0.92,0.38,0.401,0.056,0.062,0.322,0.09,0.02,0.02,0.028,Action
USR-1253,3613.0,93.1,26,11.7,0.74,0.42,0.44,0.034,0.009,0.242,0.245,0.0,0.005,0.025,Action
USR-1254,2592.3,146.7,27,9.7,0.86,0.32,0.509,0.048,0.022,0.259,0.145,0.01,0.002,0.005,Action
USR-1255,3006.3,111.9,20,9.0,1.0,0.37,0.442,0.074,0.025,0.265,0.157,0.015,0.007,0.014,Action
USR-1256,3706.8,111.6,27,8.6,0.77,0.4,0.464,0.053,0.002,0.268,0.177,0.027,0.0,0.009,Action
USR-1257,2916.9,120.9,17,9.0,0.8,0.54,0.473,0.039,0.041,0.283,0.108,0.005,0.028,0.022,Action
USR-1258,3377.5,117.2,22,8.9,0.89,0.48,0.465,0.035,0.015,0.286,0.163,0.013,0.004,0.019,Action
USR-1259,3509.9,113.4,33,9.8,0.86,0.47,0.387,0.037,0.029,0.37,0.157,0.0,0.021,0.0,Action
USR-1260,2829.2,98.1,33,9.7,0.88,0.54,0.451,0.054,0.018,0.298,0.155,0.0,0.01,0.013,Action
USR-1261,3176.2,117.1,32,9.5,0.89,0.44,0.58,0.029,0.015,0.278,0.069,0.02,0.0,0.008,Action
USR-1262,1903.5,138.2,25,10.2,0.9,0.49,0.476,0.045,0.033,0.251,0.161,0.011,0.011,0.012,Action
USR-1263,2790.2,130.2,29,11.3,0.94,0.44,0.486,0.045,0.028,0.258,0.137,0.024,0.019,0.003,Action
USR-1264,3099.0,133.9,29,10.9,0.88,0.48,0.384,0.035,0.026,0.317,0.196,0.0,0.01,0.032,Action
USR-1265,2700.9,102.3,24,7.3,0.83,0.39,0.479,0.012,0.015,0.272,0.165,0.015,0.021,0.02,Action
USR-1266,3853.0,95.2,37,5.7,0.9,0.21,0.493,0.046,0.036,0.252,0.121,0.029,0.02,0.003,Action
USR-1267,2627.9,108.1,34,10.9,1.0,0.44,0.482,0.042,0.068,0.241,0.132,0.015,0.021,0.0,Action
USR-1268,3024.0,110.8,28,7.4,0.84,0.59,0.507,0.047,0.031,0.256,0.137,0.012,0.005,0.006,Action
USR-1269,3252.3,126.4,30,9.2,0.77,0.54,0.445,0.031,0.052,0.327,0.12,0.011,0.0,0.015,Action
USR-1270,3776.5,84.6,31,7.7,0.94,0.55,0.451,0.059,0.002,0.306,0.167,0.0,0.004,0.011,Action
USR-1271,2625.7,132.9,19,6.8,0.84,0.57,0.417,0.025,0.038,0.302,0.153,0.027,0.014,0.025,Action
USR-1272,3665.3,107.6,28,10.3,0.68,0.46,0.511,0.085,0.009,0.314,0.038,0.004,0.018,0.02,Action
USR-1273,3204.1,103.6,26,10.6,0.92,0.47,0.51,0.006,0.001,0.286,0.158,0.018,0.0,0.023,Action
USR-1274,2807.4,94.8,24,8.6,0.81,0.39,0.487,0.051,0.016,0.31,0.113,0.0,0.01,0.014,Action
USR-1275,3384.8,85.2,28,5.6,0.84,0.42,0.484,0.057,0.062,0.287,0.098,0.0,0.013,0.0,Action
USR-1276,3279.6,122.3,38,8.7,0.88,0.51,0.445,0.024,0.05,0.339,0.102,0.025,0.007,0.008,Action
USR-1277,2959.9,111.1,33,10.1,0.87,0.57,0.518,0.049,0.035,0.193,0.155,0.007,0.023,0.021,Action
USR-1278,3227.9,90.7,27,7.3,0.91,0.44,0.411,0.065,0.0,0.276,0.201,0.024,0.014,0.009,Action
USR-1279,3045.9,90.6,32,9.8,0.82,0.4,0.367,0.0,0.03,0.363,0.186,0.011,0.026,0.017,Action
USR-1280,3245.4,105.0,36,9.5,0.89,0.45,0.523,0.044,0.032,0.276,0.112,0.0,0.007,0.006,Action
USR-1281,3464.9,135.0,34,10.4,0.83,0.51,0.444,0.0,0.027,0.366,0.133,0.015,0.015,0.0,Action
USR-1282,3834.4,106.1,30,9.7,0.91,0.31,0.403,0.024,0.0,0.374,0.153,0.005,0.031,0.01,Action
USR-1283,2704.9,87.5,26,8.0,0.9,0.22,0.503,0.072,0.012,0.239,0.122,0.017,0.023,0.013,Action
USR-1284,4053.2,106.3,33,11.3,0.78,0.39,0.466,0.032,0.033,0.335,0.118,0.012,0.0,0.004,Action
USR-1285,2419.2,105.9,31,9.3,0.94,0.33,0.577,0.02,0.05,0.237,0.098,0.0,0.009,0.009,Action
USR-1286,3139.3,69.5,34,9.5,0.81,0.4,0.494,0.038,0.0,0.308,0.14,0.012,0.007,0.001,Action
USR-1287,3435.3,109.2,33,8.1,0.91,0.44,0.425,0.08,0.026,0.247,0.154,0.032,0.015,0.021,Action
USR-1288,3312.4,106.5,35,8.8,0.88,0.4,0.402,0.003,0.034,0.368,0.152,0.015,0.018,0.007,Action
USR-1289,2950.9,120.4,27,8.2,1.0,0.6,0.44,0.021,0.052,0.298,0.149,0.011,0.002,0.027,Action
USR-1290,3116.8,137.7,36,9.2,0.83,0.48,0.396,0.073,0.046,0.308,0.118,0.022,0.011,0.027,Action
USR-1291,3002.8,126.9,30,12.1,0.82,0.48,0.4,0.08,0.043,0.273,0.182,0.013,0.0,0.01,Action
USR-1292,2964.3,106.0,40,7.4,0.85,0.51,0.43,0.037,0.014,0.391,0.094,0.012,0.024,0.0,Action
USR-1293,3539.8,93.4,26,7.1,0.83,0.34,0.449,0.017,0.0,0.321,0.207,0.0,0.006,0.0,Action
USR-1294,3342.8,148.6,38,11.7,0.91,0.55,0.438,0.071,0.019,0.356,0.095,0.011,0.009,0.0,Action
USR-1295,2922.8,110.9,30,9.2,0.72,0.44,0.479,0.061,0.042,0.294,0.101,0.017,0.006,0.0,Action
USR-1296,3559.8,110.2,26,8.5,0.77,0.52,0.411,0.055,0.059,0.335,0.093,0.002,0.022,0.024,Action
USR-1297,3322.9,109.6,27,11.1,0.76,0.34,0.458,0.023,0.043,0.314,0.127,0.024,0.0,0.011,Action
USR-1298,3525.1,113.0,28,8.6,0.93,0.29,0.44,0.035,0.035,0.291,0.17,0.008,0.009,0.012,Action
USR-1299,3451.9,107.8,32,12.2,0.99,0.53,0.526,0.04,0.041,0.199,0.184,0.001,0.01,0.0,Action
USR-1300,2868.4,101.4,32,10.5,0.84,0.49,0.447,0.046,0.019,0.278,0.186,0.02,0.005,0.0,Action
USR-1301,2975.9,101.8,27,8.8,0.84,0.36,0.431,0.058,0.023,0.297,0.145,0.006,0.023,0.016,Action
USR-1302,3498.9,109.5,29,12.7,0.86,0.36,0.468,0.055,0.061,0.285,0.101,0.017,0.001,0.012,Action
USR-1303,3444.1,101.8,40,8.6,0.94,0.56,0.458,0.024,0.015,0.281,0.178,0.009,0.023,0.011,Action
USR-1304,3191.6,99.3,38,10.6,0.78,0.33,0.471,0.061,0.056,0.269,0.108,0.009,0.012,0.014,Action
USR-1305,3246.9,111.6,32,9.9,0.87,0.61,0.413,0.037,0.019,0.319,0.161,0.012,0.018,0.021,Action
USR-1306,3711.1,106.2,30,11.5,0.93,0.36,0.389,0.054,0.056,0.375,0.102,0.013,0.003,0.008,Action
USR-1307,2963.4,132.6,30,11.8,0.89,0.51,0.444,0.068,0.002,0.291,0.182,0.0,0.003,0.01,Action
USR-1308,3418.8,70.2,33,9.5,0.87,0.42,0.443,0.016,0.037,0.313,0.163,0.0,0.018,0.01,Action
USR-1309,3119.1,126.4,24,8.4,0.93,0.51,0.41,0.037,0.014,0.263,0.211,0.018,0.013,0.032,Action
USR-1310,3112.9,128.7,28,10.2,0.63,0.4,0.591,0.032,0.002,0.218,0.147,0.01,0.0,0.0,Action
USR-1311,3639.5,78.9,21,8.5,0.9,0.43,0.565,0.008,0.03,0.216,0.158,0.004,0.004,0.015,Action
USR-1312,3530.2,104.9,31,12.5,0.8,0.45,0.339,0.041,0.044,0.345,0.211,0.0,0.012,0.008,Thriller
USR-1313,3525.4,104.4,33,9.7,0.7,0.35,0.383,0.102,0.015,0.32,0.141,0.0,0.021,0.018,Action
USR-1314,3722.2,88.9,27,9.0,0.89,0.52,0.553,0.004,0.0,0.333,0.103,0.0,0.004,0.004,Action
USR-1315,3208.4,98.3,37,9.8,0.96,0.4,0.534,0.041,0.03,0.297,0.079,0.009,0.0,0.01,Action
USR-1316,3472.8,93.3,23,7.5,0.84,0.43,0.378,0.046,0.025,0.363,0.156,0.004,0.013,0.015,Action
USR-1317,3075.9,136.3,22,8.0,0.93,0.35,0.487,0.036,0.035,0.342,0.064,0.0,0.0,0.035,Action
USR-1318,3329.7,124.0,31,11.3,0.98,0.19,0.334,0.037,0.048,0.422,0.132,0.009,0.0,0.018,Thriller
USR-1319,3147.9,129.1,35,8.5,0.96,0.43,0.495,0.014,0.028,0.284,0.164,0.013,0.0,0.001,Action
USR-1320,3238.8,120.8,38,7.9,0.98,0.69,0.385,0.043,0.064,0.305,0.151,0.03,0.017,0.006,Action
USR-1321,3438.1,93.1,27,10.3,0.91,0.53,0.565,0.024,0.033,0.201,0.161,0.0,0.011,0.005,Action
USR-1322,2872.7,102.1,35,11.3,0.86,0.45,0.504,0.0,0.019,0.321,0.131,0.018,0.006,0.0,Action
USR-1323,4037.0,117.3,29,10.6,0.72,0.42,0.416,0.068,0.0,0.246,0.215,0.021,0.026,0.007,Action
USR-1324,2797.6,91.7,29,11.0,0.83,0.45,0.427,0.062,0.026,0.329,0.118,0.002,0.017,0.018,Action
USR-1325,2714.3,120.7,34,8.4,0.78,0.5,0.53,0.042,0.024,0.239,0.126,0.012,0.027,0.0,Action
USR-1326,3663.2,106.4,33,7.4,1.0,0.33,0.454,0.048,0.053,0.287,0.129,0.006,0.0,0.022,Action
USR-1327,3516.7,104.4,22,11.8,0.84,0.56,0.439,0.06,0.039,0.246,0.18,0.012,0.009,0.015,Action
USR-1328,3449.6,120.7,37,9.0,0.86,0.52,0.461,0.045,0.007,0.269,0.19,0.026,0.0,0.003,Action
USR-1329,3451.3,116.7,36,9.1,0.89,0.52,0.346,0.068,0.039,0.313,0.196,0.019,0.009,0.01,Action
USR-1330,3195.1,104.6,26,11.5,0.85,0.49,0.432,0.033,0.042,0.257,0.19,0.015,0.007,0.025,Action
USR-1331,2841.1,127.4,31,10.3,0.99,0.45,0.389,0.065,0.06,0.345,0.101,0.006,0.016,0.017,Action
USR-1332,3230.3,93.8,32,10.2,0.8,0.52,0.421,0.048,0.049,0.24,0.222,0.0,0.011,0.01,Action
USR-1333,2929.1,119.2,31,12.7,0.87,0.51,0.467,0.036,0.037,0.259,0.174,0.007,0.013,0.006,Action
USR-1334,3590.0,118.9,27,8.5,0.79,0.41,0.35,0.015,0.031,0.374,0.18,0.022,0.017,0.011,Thriller
USR-1335,3141.2,105.4,26,10.9,0.74,0.39,0.458,0.041,0.034,0.239,0.197,0.0,0.028,0.004,Action
USR-1336,2869.8,114.9,29,9.6,0.8,0.46,0.501,0.027,0.064,0.301,0.098,0.0,0.008,0.0,Action
USR-1337,3071.4,91.2,35,9.9,0.85,0.6,0.467,0.03,0.004,0.313,0.141,0.012,0.001,0.033,Action
USR-1338,3365.2,123.9,32,11.8,0.82,0.33,0.477,0.022,0.021,0.345,0.112,0.0,0.012,0.011,Action
USR-1339,2974.5,107.2,28,10.3,0.79,0.3,0.468,0.018,0.014,0.306,0.176,0.002,0.002,0.014,Action
USR-1340,2871.1,102.2,33,10.3,0.74,0.47,0.48,0.08,0.036,0.26,0.105,0.006,0.024,0.009,Action
USR-1341,3297.5,125.7,15,11.1,0.84,0.46,0.452,0.057,0.047,0.282,0.154,0.0,0.006,0.002,Action
USR-1342,3298.0,99.4,35,9.0,0.73,0.47,0.436,0.081,0.019,0.241,0.211,0.0,0.004,0.008,Action
USR-1343,2997.2,88.9,21,8.2,0.91,0.47,0.419,0.016,0.0,0.356,0.186,0.018,0.006,0.0,Action
USR-1344,3011.6,86.7,28,7.9,0.86,0.43,0.377,0.043,0.023,0.337,0.168,0.0,0.018,0.034,Action
USR-1345,3292.8,119.1,24,6.6,0.73,0.6,0.453,0.017,0.057,0.332,0.13,0.0,0.01,0.0,Action
USR-1346,2620.8,90.8,23,12.6,0.83,0.29,0.609,0.023,0.036,0.222,0.103,0.003,0.003,0.0,Action
USR-1347,2637.0,136.3,35,7.8,0.79,0.37,0.497,0.02,0.035,0.223,0.181,0.016,0.024,0.005,Action
USR-1348,2912.6,78.8,27,9.2,0.88,0.44,0.35,0.066,0.025,0.34,0.185,0.008,0.001,0.023,Action
USR-1349,3114.6,135.4,31,9.1,0.96,0.29,0.371,0.035,0.005,0.402,0.16,0.006,0.011,0.011,Thriller
USR-1350,3324.4,113.2,29,10.0,0.7,0.43,0.483,0.061,0.04,0.259,0.132,0.01,0.016,0.0,Action
USR-1351,3790.1,108.5,32,10.7,0.86,0.62,0.505,0.053,0.014,0.335,0.071,0.0,0.0,0.023,Action
USR-1352,3543.1,101.8,30,10.8,0.84,0.45,0.503,0.088,0.075,0.178,0.109,0.015,0.015,0.018,Action
USR-1353,3136.0,116.0,23,8.6,0.9,0.47,0.429,0.01,0.041,0.264,0.226,0.014,0.0,0.015,Action
USR-1354,3192.4,109.4,34,9.2,0.87,0.32,0.457,0.068,0.019,0.31,0.103,0.006,0.019,0.018,Action
USR-1355,2799.0,126.5,27,9.9,0.79,0.39,0.47,0.062,0.018,0.242,0.155,0.02,0.0,0.033,Action
USR-1356,3192.6,111.7,22,9.1,0.82,0.41,0.462,0.021,0.028,0.247,0.193,0.0,0.017,0.032,Action
USR-1357,3084.5,112.3,27,11.9,0.79,0.42,0.357,0.079,0.033,0.341,0.131,0.028,0.028,0.004,Action
USR-1358,3329.1,104.5,37,10.2,0.94,0.58,0.406,0.044,0.049,0.299,0.148,0.011,0.018,0.025,Action
USR-1359,2869.1,109.1,34,10.6,0.85,0.51,0.398,0.037,0.035,0.301,0.195,0.007,0.013,0.014,Action
USR-1360,924.9,19.7,38,5.4,0.63,0.58,0.074,0.402,0.048,0.041,0.03,0.254,0.028,0.123,Comedy
USR-1361,596.2,27.1,30,7.9,0.56,0.23,0.043,0.324,0.036,0.033,0.002,0.239,0.026,0.296,Comedy
USR-1362,824.4,16.5,17,7.0,0.78,0.34,0.032,0.468,0.078,0.009,0.018,0.131,0.007,0.257,Comedy
USR-1363,728.1,22.2,42,5.1,0.74,0.53,0.071,0.381,0.015,0.068,0.014,0.208,0.015,0.228,Comedy
USR-1364,974.2,23.4,38,7.6,0.59,0.56,0.051,0.53,0.0,0.053,0.011,0.07,0.0,0.284,Comedy
USR-1365,1010.7,33.4,23,8.0,0.7,0.51,0.03,0.389,0.042,0.05,0.0,0.188,0.008,0.294,Comedy
USR-1366,538.8,23.6,30,6.3,0.7,0.36,0.073,0.381,0.03,0.026,0.0,0.169,0.007,0.313,Comedy
USR-1367,846.7,14.0,43,8.4,0.71,0.45,0.065,0.511,0.054,0.03,0.009,0.152,0.014,0.164,Comedy
USR-1368,1018.3,15.0,42,5.0,0.48,0.6,0.048,0.45,0.039,0.011,0.009,0.149,0.01,0.285,Comedy
USR-1369,822.0,25.2,39,5.2,0.75,0.62,0.085,0.35,0.072,0.045,0.0,0.152,0.017,0.279,Comedy
USR-1370,959.4,28.1,32,7.2,0.59,0.55,0.058,0.355,0.011,0.021,0.0,0.151,0.014,0.39,Animation
USR-1371,902.7,26.9,34,7.0,0.61,0.69,0.058,0.35,0.03,0.017,0.016,0.174,0.0,0.355,Animation
USR-1372,901.2,25.8,33,6.1,0.91,0.6,0.072,0.438,0.053,0.034,0.017,0.117,0.001,0.269,Comedy
USR-1373,809.3,30.8,40,8.0,0.68,0.46,0.038,0.283,0.06,0.033,0.009,0.206,0.005,0.366,Animation
USR-1374,667.5,22.3,28,7.6,0.61,0.52,0.052,0.412,0.086,0.03,0.018,0.11,0.007,0.284,Comedy
USR-1375,681.8,29.5,29,8.0,0.43,0.38,0.052,0.535,0.059,0.049,0.0,0.108,0.02,0.176,Comedy
USR-1376,956.4,16.8,40,6.9,0.79,0.54,0.03,0.407,0.038,0.041,0.006,0.112,0.0,0.365,Comedy
USR-1377,852.9,20.5,33,7.7,0.52,0.68,0.097,0.378,0.022,0.034,0.027,0.181,0.006,0.254,Comedy
USR-1378,829.2,16.0,42,6.5,0.55,0.63,0.026,0.413,0.034,0.051,0.013,0.148,0.023,0.293,Comedy
USR-1379,786.4,23.6,29,9.5,0.62,0.72,0.026,0.505,0.03,0.022,0.012,0.103,0.007,0.295,Comedy
USR-1380,804.2,24.8,33,6.0,0.79,0.51,0.077,0.336,0.053,0.042,0.033,0.126,0.015,0.318,Comedy
USR-1381,1007.0,25.6,28,9.5,0.73,0.71,0.056,0.475,0.039,0.037,0.0,0.129,0.007,0.257,Comedy
USR-1382,799.7,25.3,34,7.0,0.63,0.53,0.027,0.517,0.013,0.009,0.017,0.096,0.012,0.31,Comedy
USR-1383,648.8,20.4,25,5.3,0.68,0.73,0.067,0.451,0.034,0.064,0.029,0.112,0.008,0.236,Comedy
USR-1384,961.5,24.0,31,8.6,0.59,0.55,0.074,0.372,0.054,0.021,0.006,0.219,0.016,0.238,Comedy
USR-1385,819.3,17.5,25,7.2,0.66,0.63,0.047,0.46,0.045,0.04,0.018,0.11,0.0,0.28,Comedy
USR-1386,854.7,31.8,38,8.0,0.66,0.73,0.081,0.386,0.041,0.05,0.0,0.109,0.005,0.328,Comedy
USR-1387,1091.1,23.5,38,8.5,0.75,0.53,0.017,0.372,0.053,0.065,0.003,0.15,0.014,0.325,Comedy
USR-1388,846.9,22.6,23,7.4,0.75,0.58,0.06,0.337,0.068,0.038,0.013,0.125,0.014,0.344,Animation
USR-1389,893.4,32.9,42,6.3,0.7,0.7,0.076,0.305,0.046,0.034,0.019,0.181,0.026,0.313,Animation
USR-1390,673.2,18.8,48,8.2,0.61,0.53,0.063,0.401,0.03,0.055,0.02,0.174,0.006,0.251,Comedy
USR-1391,817.0,19.4,34,7.0,0.72,0.39,0.044,0.433,0.021,0.051,0.025,0.131,0.024,0.272,Comedy
USR-1392,941.4,19.5,30,7.8,0.64,0.81,0.054,0.36,0.055,0.034,0.011,0.124,0.004,0.357,Comedy
USR-1393,616.7,24.7,50,4.4,0.54,0.49,0.057,0.353,0.0,0.023,0.021,0.195,0.023,0.327,Comedy
USR-1394,880.1,27.2,26,7.5,0.61,0.57,0.07,0.308,0.038,0.0,0.007,0.154,0.019,0.403,Animation
USR-1395,865.1,28.7,34,6.2,0.66,0.69,0.06,0.319,0.035,0.042,0.018,0.213,0.001,0.312,Comedy
USR-1396,856.2,37.9,35,9.0,0.74,0.48,0.069,0.434,0.012,0.038,0.012,0.059,0.013,0.363,Comedy
USR-1397,1005.6,13.8,42,7.7,0.63,0.43,0.034,0.388,0.024,0.071,0.016,0.18,0.011,0.275,Comedy
USR-1398,900.2,28.0,36,7.3,0.53,0.58,0.043,0.356,0.053,0.045,0.013,0.214,0.015,0.26,Comedy
USR-1399,1071.7,22.2,31,7.6,0.66,0.33,0.038,0.332,0.055,0.082,0.0,0.167,0.01,0.316,Comedy
USR-1400,701.0,22.1,28,5.8,0.66,0.52,0.043,0.418,0.042,0.026,0.0,0.142,0.007,0.321,Comedy
USR-1401,870.4,21.9,31,8.9,0.67,0.58,0.067,0.377,0.044,0.06,0.01,0.154,0.023,0.265,Comedy
USR-1402,862.7,20.5,27,9.4,0.74,0.52,0.055,0.361,0.044,0.031,0.0,0.135,0.01,0.364,Animation
USR-1403,689.6,33.4,34,7.5,0.75,0.36,0.1,0.375,0.063,0.054,0.018,0.134,0.018,0.238,Comedy
USR-1404,993.4,29.2,30,8.9,0.59,0.74,0.055,0.42,0.043,0.011,0.019,0.138,0.008,0.307,Comedy
USR-1405,1198.7,25.1,25,6.3,0.59,0.56,0.054,0.353,0.011,0.047,0.014,0.132,0.028,0.36,Animation
USR-1406,847.4,31.8,41,6.0,0.55,0.72,0.066,0.359,0.092,0.0,0.0,0.254,0.004,0.224,Comedy
USR-1407,925.8,17.4,31,7.0,0.72,0.52,0.029,0.423,0.037,0.027,0.018,0.131,0.003,0.332,Comedy
USR-1408,862.7,18.3,26,7.5,0.79,0.44,0.05,0.359,0.029,0.05,0.031,0.164,0.026,0.291,Comedy
USR-1409,743.0,14.1,32,6.5,0.62,0.58,0.082,0.442,0.017,0.033,0.013,0.206,0.006,0.201,Comedy
USR-1410,576.9,21.5,34,7.6,0.63,0.52,0.048,0.441,0.044,0.017,0.014,0.128,0.024,0.284,Comedy
USR-1411,744.1,25.8,23,7.4,0.8,0.41,0.027,0.54,0.03,0.045,0.01,0.094,0.015,0.239,Comedy
USR-1412,641.2,25.5,35,5.8,0.7,0.73,0.036,0.339,0.081,0.043,0.017,0.142,0.01,0.333,Comedy
USR-1413,1105.6,25.7,27,7.6,0.69,0.48,0.039,0.412,0.031,0.029,0.008,0.142,0.0,0.34,Comedy
USR-1414,832.7,17.9,44,8.0,0.53,0.33,0.055,0.369,0.025,0.044,0.01,0.116,0.011,0.37,Animation
USR-1415,798.1,29.0,37,7.2,0.72,0.71,0.07,0.337,0.055,0.088,0.018,0.123,0.01,0.3,Comedy
USR-1416,983.4,26.2,31,8.4,0.56,0.49,0.023,0.343,0.059,0.063,0.034,0.13,0.022,0.327,Comedy
USR-1417,681.7,28.7,29,5.5,0.54,0.48,0.043,0.305,0.043,0.062,0.0,0.232,0.026,0.289,Comedy
USR-1418,735.0,15.5,33,7.6,0.62,0.34,0.052,0.393,0.053,0.048,0.009,0.039,0.003,0.403,Animation
USR-1419,860.2,26.6,37,5.6,0.59,0.76,0.018,0.376,0.052,0.058,0.0,0.19,0.024,0.282,Comedy
USR-1420,1004.3,19.1,33,5.7,0.63,0.4,0.03,0.423,0.04,0.0,0.023,0.195,0.016,0.274,Comedy
USR-1421,925.3,23.0,32,6.2,0.51,0.56,0.036,0.399,0.062,0.026,0.004,0.153,0.02,0.3,Comedy
USR-1422,887.2,27.7,34,5.9,0.75,0.66,0.031,0.396,0.048,0.028,0.0,0.165,0.014,0.319,Comedy
USR-1423,861.7,25.5,30,6.3,0.76,0.6,0.062,0.414,0.042,0.003,0.019,0.176,0.0,0.285,Comedy
USR-1424,910.0,20.7,31,6.7,0.46,0.54,0.055,0.433,0.078,0.02,0.032,0.144,0.01,0.228,Comedy
USR-1425,880.2,25.0,21,8.0,0.75,0.35,0.046,0.498,0.0,0.0,0.02,0.071,0.0,0.365,Comedy
USR-1426,695.5,17.3,39,6.6,0.57,0.45,0.06,0.313,0.083,0.04,0.012,0.161,0.008,0.323,Animation
USR-1427,856.9,30.8,35,5.1,0.74,0.57,0.08,0.35,0.006,0.053,0.013,0.112,0.019,0.367,Animation
USR-1428,688.9,24.0,29,8.4,0.64,0.46,0.094,0.375,0.031,0.07,0.027,0.134,0.015,0.254,Comedy
USR-1429,862.2,30.6,45,6.0,0.65,0.57,0.012,0.346,0.041,0.051,0.001,0.137,0.023,0.389,Animation
USR-1430,777.9,22.4,34,6.9,0.63,0.63,0.059,0.223,0.036,0.02,0.009,0.212,0.013,0.427,Animation
USR-1431,1230.9,22.4,27,7.5,0.77,0.67,0.041,0.443,0.053,0.001,0.005,0.215,0.0,0.242,Comedy
USR-1432,844.0,21.2,39,7.2,0.53,0.4,0.066,0.43,0.023,0.006,0.0,0.198,0.0,0.277,Comedy
USR-1433,639.4,29.4,36,8.3,0.71,0.81,0.041,0.483,0.044,0.014,0.007,0.129,0.011,0.27,Comedy
USR-1434,829.9,21.5,36,7.6,0.76,0.64,0.051,0.475,0.028,0.022,0.021,0.101,0.008,0.295,Comedy
USR-1435,927.9,28.2,31,6.0,0.72,0.55,0.056,0.312,0.048,0.039,0.016,0.177,0.0,0.351,Animation
USR-1436,1101.0,23.1,36,9.6,0.88,0.68,0.042,0.343,0.042,0.022,0.018,0.243,0.0,0.29,Comedy
USR-1437,761.6,15.1,32,7.2,0.6,0.83,0.025,0.475,0.033,0.037,0.009,0.11,0.002,0.309,Comedy
USR-1438,612.6,22.1,37,6.8,0.75,0.38,0.043,0.565,0.03,0.037,0.016,0.057,0.008,0.244,Comedy
USR-1439,972.5,19.1,22,8.2,0.64,0.52,0.06,0.435,0.033,0.044,0.002,0.194,0.018,0.214,Comedy
USR-1440,642.9,25.2,31,7.3,0.77,0.26,0.053,0.361,0.039,0.054,0.006,0.162,0.01,0.314,Comedy
USR-1441,784.6,19.0,44,7.5,0.65,0.57,0.086,0.448,0.075,0.021,0.015,0.111,0.033,0.21,Comedy
USR-1442,811.4,29.6,29,10.0,0.61,0.59,0.04,0.431,0.028,0.048,0.013,0.156,0.0,0.285,Comedy
USR-1443,839.6,24.5,30,6.7,0.78,0.55,0.049,0.299,0.02,0.035,0.012,0.146,0.016,0.424,Animation
USR-1444,953.4,24.1,31,6.6,0.6,0.47,0.081,0.277,0.061,0.039,0.01,0.171,0.012,0.349,Animation
USR-1445,747.5,28.3,26,7.1,0.51,0.3,0.087,0.351,0.047,0.069,0.007,0.141,0.02,0.277,Comedy
USR-1446,808.9,29.8,20,8.3,0.6,0.59,0.044,0.365,0.052,0.052,0.038,0.173,0.005,0.27,Comedy
USR-1447,847.9,24.9,32,5.2,0.71,0.72,0.052,0.356,0.025,0.024,0.022,0.154,0.024,0.342,Comedy
USR-1448,872.4,21.1,34,4.6,0.79,0.48,0.059,0.431,0.005,0.04,0.015,0.099,0.014,0.338,Comedy
USR-1449,864.7,16.1,33,6.3,0.66,0.6,0.032,0.376,0.035,0.055,0.009,0.081,0.004,0.407,Animation
USR-1450,915.4,21.6,33,5.0,0.78,0.36,0.051,0.376,0.028,0.039,0.006,0.224,0.011,0.265,Comedy
USR-1451,976.6,21.9,34,6.5,0.51,0.6,0.053,0.385,0.032,0.043,0.007,0.144,0.006,0.33,Comedy
USR-1452,908.9,25.5,40,7.6,0.61,0.5,0.06,0.399,0.026,0.043,0.012,0.146,0.014,0.299,Comedy
USR-1453,918.0,23.3,32,5.9,0.62,0.46,0.042,0.38,0.052,0.073,0.0,0.126,0.0,0.327,Comedy
USR-1454,612.7,28.4,30,5.3,0.64,0.46,0.056,0.485,0.035,0.01,0.0,0.133,0.01,0.271,Comedy
USR-1455,857.5,21.9,32,7.1,0.66,0.5,0.032,0.416,0.041,0.036,0.003,0.101,0.013,0.358,Comedy
USR-1456,921.9,24.7,37,8.0,0.72,0.6,0.059,0.476,0.04,0.02,0.011,0.122,0.01,0.262,Comedy
USR-1457,959.3,30.9,42,5.0,0.61,0.39,0.053,0.395,0.048,0.057,0.008,0.071,0.025,0.344,Comedy
USR-1458,746.1,26.7,30,8.0,0.66,0.5,0.051,0.423,0.046,0.009,0.029,0.139,0.021,0.282,Comedy
USR-1459,751.1,24.7,34,8.0,0.65,0.55,0.052,0.359,0.061,0.057,0.0,0.167,0.012,0.292,Comedy
USR-1460,763.9,22.0,36,8.1,0.56,0.42,0.049,0.367,0.024,0.028,0.002,0.175,0.012,0.343,Comedy
USR-1461,930.5,21.8,28,8.5,0.64,0.77,0.038,0.445,0.063,0.024,0.024,0.139,0.012,0.255,Comedy
USR-1462,1005.1,20.7,34,9.6,0.64,0.45,0.059,0.471,0.033,0.01,0.011,0.17,0.013,0.233,Comedy
USR-1463,788.9,22.3,25,6.6,0.63,0.47,0.04,0.455,0.013,0.029,0.018,0.195,0.0,0.25,Comedy
USR-1464,986.2,28.8,23,7.1,0.65,0.43,0.081,0.253,0.043,0.061,0.03,0.189,0.007,0.337,Animation
USR-1465,868.5,23.9,36,6.5,0.66,0.77,0.075,0.458,0.022,0.037,0.003,0.159,0.0,0.247,Comedy
USR-1466,831.4,18.3,31,7.0,0.61,0.62,0.037,0.292,0.062,0.061,0.01,0.174,0.026,0.338,Animation
USR-1467,818.3,33.8,35,8.8,0.78,0.44,0.046,0.425,0.076,0.066,0.007,0.1,0.008,0.271,Comedy
USR-1468,962.0,26.6,33,5.4,0.53,0.68,0.044,0.436,0.029,0.053,0.0,0.211,0.009,0.218,Comedy
USR-1469,898.8,18.0,28,6.0,0.58,0.57,0.042,0.443,0.045,0.028,0.007,0.211,0.018,0.206,Comedy
USR-1470,1191.4,22.8,33,8.7,0.93,0.58,0.094,0.307,0.005,0.052,0.02,0.171,0.015,0.335,Animation
USR-1471,722.2,25.6,26,8.2,0.55,0.51,0.039,0.443,0.044,0.026,0.014,0.204,0.0,0.23,Comedy
USR-1472,927.7,33.5,42,6.6,0.51,0.46,0.066,0.325,0.026,0.034,0.019,0.102,0.011,0.418,Animation
USR-1473,770.6,19.5,25,8.0,0.72,0.59,0.066,0.377,0.03,0.01,0.007,0.113,0.007,0.389,Animation
USR-1474,719.6,29.9,32,7.4,0.44,0.48,0.031,0.334,0.019,0.061,0.004,0.192,0.0,0.358,Animation
USR-1475,848.4,32.0,27,8.8,0.63,0.77,0.034,0.266,0.056,0.033,0.023,0.165,0.003,0.42,Animation
USR-1476,870.6,21.9,37,7.1,0.86,0.4,0.025,0.389,0.057,0.042,0.005,0.193,0.008,0.282,Comedy
USR-1477,1287.7,23.6,32,8.2,0.5,0.73,0.028,0.475,0.035,0.017,0.011,0.13,0.008,0.296,Comedy
USR-1478,822.4,19.8,30,10.2,0.45,0.54,0.0,0.57,0.021,0.045,0.011,0.107,0.0,0.246,Comedy
USR-1479,680.5,24.0,39,7.7,0.5,0.59,0.051,0.34,0.06,0.021,0.021,0.118,0.018,0.373,Animation
USR-1480,891.0,24.8,34,7.1,0.74,0.65,0.077,0.415,0.021,0.032,0.017,0.075,0.008,0.355,Comedy
USR-1481,538.8,28.3,37,7.9,0.76,0.47,0.056,0.443,0.0,0.061,0.0,0.111,0.011,0.318,Comedy
USR-1482,836.2,30.5,28,6.6,0.6,0.65,0.02,0.403,0.045,0.051,0.0,0.173,0.013,0.296,Comedy
USR-1483,852.4,21.3,25,9.9,0.72,0.23,0.035,0.354,0.017,0.038,0.015,0.176,0.002,0.363,Animation
USR-1484,969.2,15.2,34,7.2,0.79,0.46,0.041,0.415,0.06,0.005,0.009,0.164,0.015,0.291,Comedy
USR-1485,996.0,24.9,32,6.7,0.83,0.44,0.031,0.462,0.034,0.104,0.006,0.085,0.007,0.272,Comedy
USR-1486,774.5,26.5,37,6.0,0.63,0.4,0.064,0.335,0.049,0.071,0.019,0.128,0.001,0.333,Comedy
USR-1487,827.4,26.2,33,8.3,0.42,0.52,0.065,0.388,0.067,0.054,0.012,0.099,0.015,0.3,Comedy
USR-1488,735.1,23.4,35,8.0,0.57,0.6,0.027,0.393,0.016,0.025,0.01,0.196,0.025,0.309,Comedy
USR-1489,680.8,25.6,24,6.4,0.61,0.63,0.064,0.462,0.028,0.037,0.018,0.126,0.017,0.248,Comedy
USR-1490,896.5,32.6,45,7.7,0.62,0.58,0.102,0.397,0.049,0.037,0.008,0.135,0.024,0.249,Comedy
USR-1491,659.0,26.9,33,5.2,0.63,0.47,0.079,0.355,0.063,0.059,0.023,0.136,0.004,0.282,Comedy
USR-1492,787.8,23.1,38,7.2,0.76,0.59,0.088,0.456,0.022,0.037,0.002,0.103,0.0,0.292,Comedy
USR-1493,700.7,22.5,28,7.5,0.78,0.56,0.029,0.442,0.025,0.022,0.015,0.188,0.022,0.257,Comedy
USR-1494,932.5,24.2,35,9.0,0.63,0.66,0.085,0.404,0.039,0.024,0.019,0.096,0.024,0.307,Comedy
USR-1495,1120.2,33.2,26,6.1,0.76,0.64,0.047,0.44,0.031,0.068,0.0,0.103,0.028,0.282,Comedy
USR-1496,654.8,24.1,36,5.5,0.69,0.55,0.043,0.477,0.048,0.081,0.007,0.072,0.007,0.265,Comedy
USR-1497,572.0,24.9,31,5.9,0.66,0.44,0.052,0.444,0.008,0.065,0.02,0.137,0.0,0.273,Comedy
USR-1498,831.3,22.6,34,5.4,0.74,0.47,0.033,0.458,0.074,0.048,0.019,0.111,0.0,0.257,Comedy
USR-1499,852.4,30.5,38,8.6,0.66,0.48,0.073,0.306,0.016,0.044,0.01,0.116,0.0,0.434,Animation
USR-1500,882.8,34.8,26,8.9,0.86,0.51,0.029,0.362,0.041,0.0,0.003,0.243,0.011,0.311,Comedy
USR-1501,783.1,27.3,29,7.4,0.51,0.58,0.036,0.407,0.032,0.037,0.016,0.143,0.021,0.308,Comedy
USR-1502,819.9,25.4,36,8.5,0.6,0.64,0.065,0.323,0.067,0.034,0.019,0.127,0.007,0.358,Animation
USR-1503,905.1,25.2,46,7.2,0.64,0.54,0.051,0.358,0.014,0.044,0.0,0.212,0.013,0.308,Comedy
USR-1504,1006.1,13.1,33,6.9,0.69,0.55,0.05,0.286,0.076,0.039,0.0,0.168,0.023,0.358,Animation
USR-1505,556.7,28.7,37,6.6,0.78,0.57,0.07,0.416,0.064,0.016,0.014,0.137,0.007,0.277,Comedy
USR-1506,794.7,25.7,33,6.6,0.65,0.49,0.075,0.294,0.049,0.052,0.017,0.111,0.031,0.372,Animation
USR-1507,882.1,27.1,45,5.1,0.51,0.44,0.014,0.458,0.016,0.042,0.006,0.147,0.024,0.293,Comedy
USR-1508,712.3,21.4,23,7.3,0.73,0.34,0.056,0.359,0.046,0.048,0.015,0.15,0.008,0.317,Comedy
USR-1509,1109.7,23.1,34,7.0,0.73,0.47,0.045,0.4,0.026,0.06,0.003,0.159,0.004,0.303,Comedy
USR-1510,754.7,22.9,24,7.9,0.46,0.61,0.061,0.512,0.075,0.06,0.0,0.133,0.019,0.14,Comedy
USR-1511,843.8,30.1,18,7.1,0.65,0.47,0.068,0.455,0.02,0.03,0.005,0.166,0.006,0.249,Comedy
USR-1512,933.4,23.1,35,6.8,0.49,0.52,0.027,0.49,0.039,0.04,0.011,0.123,0.0,0.27,Comedy
USR-1513,761.3,35.4,34,6.0,0.58,0.61,0.03,0.484,0.029,0.042,0.007,0.145,0.023,0.24,Comedy
USR-1514,573.0,27.2,32,7.1,0.56,0.61,0.012,0.364,0.021,0.044,0.0,0.216,0.023,0.32,Comedy
USR-1515,785.7,18.6,33,7.9,0.73,0.42,0.042,0.4,0.058,0.064,0.0,0.131,0.012,0.292,Comedy
USR-1516,1004.4,24.4,52,5.6,0.66,0.67,0.078,0.469,0.052,0.054,0.005,0.088,0.0,0.255,Comedy
USR-1517,799.5,21.7,32,7.1,0.52,0.69,0.052,0.391,0.07,0.089,0.021,0.118,0.0,0.259,Comedy
USR-1518,723.0,14.0,37,7.3,0.74,0.41,0.023,0.403,0.004,0.085,0.023,0.191,0.011,0.259,Comedy
USR-1519,988.9,33.0,30,6.1,0.51,0.45,0.036,0.382,0.054,0.037,0.019,0.142,0.004,0.325,Comedy
USR-1520,800.4,28.5,35,6.3,0.68,0.69,0.021,0.469,0.091,0.0,0.002,0.147,0.007,0.264,Comedy
USR-1521,773.5,27.7,32,7.3,0.57,0.53,0.034,0.322,0.039,0.081,0.0,0.162,0.025,0.336,Animation
USR-1522,872.4,25.8,31,5.6,0.61,0.28,0.053,0.417,0.071,0.027,0.014,0.155,0.016,0.249,Comedy
USR-1523,965.6,18.1,44,7.4,0.7,0.38,0.028,0.404,0.037,0.025,0.017,0.123,0.025,0.34,Comedy
USR-1524,1207.3,22.6,41,5.9,0.7,0.52,0.067,0.424,0.012,0.03,0.013,0.151,0.0,0.304,Comedy
USR-1525,974.1,29.2,34,8.3,0.78,0.41,0.059,0.563,0.041,0.038,0.0,0.147,0.008,0.143,Comedy
USR-1526,1024.0,19.7,20,9.8,0.64,0.5,0.044,0.445,0.051,0.044,0.001,0.096,0.015,0.304,Comedy
USR-1527,774.1,12.3,31,6.0,0.68,0.55,0.04,0.454,0.021,0.008,0.009,0.111,0.013,0.345,Comedy
USR-1528,696.1,23.9,50,7.6,0.61,0.73,0.063,0.492,0.027,0.018,0.014,0.131,0.025,0.23,Comedy
USR-1529,859.3,24.3,32,6.1,0.67,0.52,0.06,0.468,0.047,0.043,0.016,0.134,0.013,0.219,Comedy
USR-1530,866.1,25.7,40,8.2,0.69,0.68,0.054,0.405,0.038,0.05,0.011,0.153,0.027,0.261,Comedy
USR-1531,688.2,28.6,42,5.5,0.64,0.72,0.072,0.471,0.061,0.062,0.016,0.003,0.018,0.298,Comedy
USR-1532,823.7,28.2,35,7.6,0.47,0.72,0.044,0.449,0.043,0.023,0.01,0.112,0.02,0.299,Comedy
USR-1533,909.9,26.3,28,6.0,0.68,0.58,0.065,0.493,0.053,0.022,0.018,0.144,0.007,0.197,Comedy
USR-1534,904.1,31.0,19,6.8,0.69,0.31,0.046,0.397,0.033,0.032,0.014,0.222,0.011,0.246,Comedy
USR-1535,925.6,17.4,38,5.8,0.58,0.61,0.045,0.393,0.041,0.041,0.01,0.097,0.017,0.356,Comedy
USR-1536,893.6,27.5,29,8.0,0.52,0.68,0.046,0.411,0.022,0.072,0.008,0.162,0.027,0.253,Comedy
USR-1537,773.9,28.1,35,6.0,0.8,0.54,0.039,0.316,0.063,0.0,0.01,0.2,0.016,0.356,Animation
USR-1538,772.9,18.8,26,7.7,0.7,0.76,0.035,0.481,0.026,0.034,0.014,0.093,0.009,0.307,Comedy
USR-1539,670.2,17.5,32,6.6,0.63,0.65,0.064,0.433,0.067,0.014,0.014,0.178,0.025,0.205,Comedy
USR-1540,1117.7,21.3,34,6.9,0.54,0.62,0.066,0.489,0.031,0.006,0.012,0.102,0.0,0.293,Comedy
USR-1541,852.0,21.7,35,7.2,0.57,0.68,0.082,0.302,0.049,0.066,0.026,0.145,0.0,0.328,Animation
USR-1542,816.3,28.8,27,6.1,0.78,0.59,0.028,0.403,0.034,0.058,0.014,0.134,0.019,0.309,Comedy
USR-1543,710.7,21.9,41,7.3,0.66,0.25,0.076,0.404,0.02,0.049,0.004,0.121,0.01,0.316,Comedy
USR-1544,1290.3,20.7,30,8.8,0.59,0.49,0.036,0.402,0.004,0.048,0.015,0.212,0.013,0.269,Comedy
USR-1545,689.0,21.9,23,6.1,0.7,0.69,0.057,0.4,0.017,0.028,0.0,0.17,0.01,0.317,Comedy
USR-1546,785.7,30.6,33,8.4,0.57,0.45,0.029,0.385,0.03,0.028,0.0,0.176,0.014,0.336,Comedy
USR-1547,912.4,25.1,34,8.8,0.8,0.52,0.053,0.31,0.044,0.084,0.013,0.17,0.002,0.324,Animation
USR-1548,940.0,24.1,34,6.0,0.79,0.42,0.071,0.388,0.076,0.044,0.019,0.108,0.02,0.274,Comedy
USR-1549,993.7,24.4,42,5.3,0.6,0.76,0.021,0.43,0.031,0.055,0.0,0.168,0.02,0.275,Comedy
USR-1550,1121.1,31.5,32,7.4,0.59,0.75,0.056,0.261,0.02,0.036,0.006,0.173,0.02,0.428,Animation
USR-1551,925.9,21.3,33,6.3,0.39,0.44,0.082,0.379,0.012,0.003,0.004,0.123,0.032,0.365,Comedy
USR-1552,691.6,31.6,27,9.2,0.5,0.57,0.039,0.372,0.042,0.0,0.004,0.159,0.011,0.373,Animation
USR-1553,811.5,26.1,38,7.0,0.52,0.47,0.071,0.295,0.062,0.026,0.018,0.164,0.012,0.352,Animation
USR-1554,896.2,24.2,35,6.0,0.66,0.62,0.037,0.42,0.052,0.049,0.014,0.178,0.0,0.25,Comedy
USR-1555,1160.2,37.5,31,5.6,0.62,0.61,0.059,0.436,0.048,0.049,0.009,0.117,0.004,0.279,Comedy
USR-1556,640.3,19.7,22,8.3,0.52,0.65,0.007,0.34,0.065,0.072,0.006,0.131,0.01,0.369,Animation
USR-1557,1030.4,23.2,42,6.3,0.62,0.59,0.113,0.374,0.085,0.023,0.0,0.156,0.024,0.225,Comedy
USR-1558,877.0,18.8,26,7.1,0.7,0.9,0.084,0.228,0.049,0.076,0.025,0.218,0.004,0.316,Animation
USR-1559,975.7,29.8,30,8.1,0.7,0.43,0.047,0.359,0.056,0.022,0.017,0.082,0.019,0.397,Animation
USR-1560,834.7,33.4,36,6.4,0.46,0.34,0.012,0.516,0.038,0.05,0.003,0.075,0.011,0.295,Comedy
USR-1561,723.6,33.3,26,6.9,0.64,0.5,0.057,0.375,0.013,0.041,0.018,0.157,0.008,0.332,Comedy
USR-1562,962.6,31.1,25,7.0,0.51,0.36,0.021,0.426,0.026,0.036,0.009,0.129,0.012,0.342,Comedy
USR-1563,948.2,24.0,21,7.8,0.74,0.37,0.069,0.326,0.047,0.078,0.008,0.176,0.007,0.288,Comedy
USR-1564,995.8,23.2,38,7.7,0.73,0.43,0.054,0.434,0.039,0.024,0.013,0.176,0.005,0.255,Comedy
USR-1565,848.0,16.6,30,6.7,0.56,0.44,0.037,0.419,0.093,0.015,0.003,0.151,0.0,0.282,Comedy
USR-1566,760.0,35.2,51,7.1,0.57,0.44,0.081,0.448,0.046,0.045,0.007,0.084,0.008,0.28,Comedy
USR-1567,616.2,27.3,28,6.6,0.6,0.61,0.064,0.383,0.062,0.031,0.011,0.226,0.005,0.217,Comedy
USR-1568,972.9,22.5,28,5.2,0.42,0.49,0.08,0.342,0.036,0.123,0.006,0.126,0.006,0.282,Comedy
USR-1569,913.6,31.6,30,7.3,0.68,0.53,0.052,0.318,0.035,0.055,0.017,0.111,0.015,0.398,Animation
USR-1570,705.1,20.1,35,9.3,0.62,0.66,0.021,0.464,0.013,0.031,0.028,0.189,0.016,0.238,Comedy
USR-1571,769.2,27.0,31,5.9,0.75,0.46,0.069,0.431,0.025,0.019,0.002,0.134,0.012,0.307,Comedy
USR-1572,780.0,24.1,37,6.1,0.54,0.52,0.044,0.475,0.05,0.002,0.0,0.145,0.02,0.265,Comedy
USR-1573,627.6,28.2,28,6.0,0.59,0.59,0.021,0.4,0.038,0.018,0.0,0.159,0.015,0.349,Comedy
USR-1574,727.3,24.7,25,7.9,0.5,0.32,0.065,0.35,0.05,0.036,0.007,0.164,0.006,0.322,Comedy
USR-1575,679.9,17.7,23,7.5,0.55,0.26,0.095,0.272,0.045,0.071,0.003,0.142,0.006,0.365,Animation
USR-1576,788.1,25.4,20,6.8,0.53,0.59,0.046,0.351,0.031,0.058,0.011,0.196,0.012,0.296,Comedy
USR-1577,739.2,30.2,30,5.9,0.75,0.61,0.094,0.399,0.083,0.045,0.011,0.065,0.016,0.287,Comedy
USR-1578,605.9,24.9,32,7.1,0.58,0.8,0.047,0.5,0.034,0.03,0.0,0.162,0.022,0.205,Comedy
USR-1579,1153.4,28.9,30,5.1,0.66,0.57,0.037,0.392,0.054,0.039,0.0,0.1,0.019,0.359,Comedy
USR-1580,1037.9,19.8,41,7.2,0.61,0.65,0.034,0.476,0.029,0.027,0.012,0.186,0.004,0.232,Comedy
USR-1581,733.1,24.9,41,8.0,0.52,0.53,0.07,0.381,0.046,0.063,0.01,0.133,0.008,0.289,Comedy
USR-1582,890.9,21.9,31,5.5,0.63,0.59,0.035,0.35,0.06,0.037,0.006,0.125,0.017,0.37,Animation
USR-1583,912.6,28.7,23,5.2,0.71,0.75,0.063,0.401,0.043,0.038,0.0,0.173,0.02,0.261,Comedy
USR-1584,1028.7,25.2,30,8.9,0.53,0.3,0.037,0.403,0.0,0.0,0.014,0.179,0.019,0.348,Comedy
USR-1585,727.2,28.5,30,6.3,0.73,0.6,0.041,0.326,0.041,0.036,0.023,0.176,0.009,0.347,Animation
USR-1586,1013.8,30.4,30,8.4,0.57,0.81,0.065,0.34,0.059,0.052,0.012,0.1,0.0,0.372,Animation
USR-1587,767.8,28.5,29,6.8,0.6,0.58,0.047,0.427,0.056,0.021,0.002,0.145,0.0,0.302,Comedy
USR-1588,649.6,26.4,30,6.8,0.7,0.75,0.04,0.508,0.047,0.024,0.01,0.144,0.012,0.214,Comedy
USR-1589,958.6,20.0,31,7.5,0.58,0.47,0.091,0.292,0.007,0.07,0.0,0.186,0.017,0.337,Animation
USR-1590,1043.6,25.0,30,5.9,0.65,0.55,0.073,0.44,0.023,0.009,0.018,0.16,0.0,0.277,Comedy
USR-1591,1238.2,22.3,35,7.2,0.62,0.55,0.071,0.365,0.054,0.069,0.012,0.078,0.012,0.34,Comedy
USR-1592,670.0,23.3,36,6.5,0.66,0.28,0.043,0.337,0.056,0.034,0.0,0.19,0.019,0.321,Comedy
USR-1593,954.8,23.1,28,5.4,0.41,0.41,0.041,0.514,0.067,0.034,0.007,0.144,0.0,0.193,Comedy
USR-1594,788.5,20.1,41,7.4,0.47,0.42,0.049,0.439,0.035,0.017,0.014,0.111,0.02,0.314,Comedy
USR-1595,967.5,15.2,28,6.7,0.71,0.65,0.047,0.416,0.04,0.04,0.006,0.1,0.005,0.347,Comedy
USR-1596,629.4,21.7,24,6.8,0.75,0.65,0.027,0.413,0.036,0.079,0.006,0.126,0.02,0.292,Comedy
USR-1597,660.6,26.0,36,5.5,0.56,0.59,0.061,0.537,0.019,0.053,0.0,0.006,0.004,0.32,Comedy
USR-1598,733.6,18.3,29,8.9,0.63,0.65,0.052,0.449,0.0,0.023,0.016,0.123,0.0,0.337,Comedy
USR-1599,861.8,25.1,35,8.1,0.68,0.53,0.016,0.403,0.051,0.065,0.004,0.119,0.006,0.337,Comedy
USR-1600,753.8,34.5,19,8.2,0.72,0.69,0.029,0.399,0.041,0.031,0.0,0.16,0.008,0.332,Comedy
USR-1601,948.9,30.1,42,6.6,0.45,0.55,0.037,0.459,0.025,0.062,0.006,0.108,0.006,0.297,Comedy
USR-1602,1004.0,33.2,38,4.9,0.56,0.56,0.054,0.375,0.008,0.062,0.022,0.157,0.009,0.312,Comedy
USR-1603,939.9,27.0,24,9.3,0.62,0.52,0.09,0.358,0.054,0.0,0.006,0.218,0.014,0.26,Comedy
USR-1604,1092.8,30.8,25,6.9,0.72,0.63,0.055,0.377,0.035,0.02,0.028,0.191,0.008,0.286,Comedy
USR-1605,912.4,21.4,44,6.1,0.9,0.5,0.037,0.256,0.057,0.065,0.016,0.206,0.01,0.353,Animation
USR-1606,667.5,21.8,29,7.5,0.63,0.67,0.054,0.407,0.077,0.043,0.013,0.129,0.0,0.278,Comedy
USR-1607,1054.5,11.3,28,8.4,0.51,0.41,0.052,0.302,0.0,0.024,0.011,0.208,0.017,0.387,Animation
USR-1608,759.2,30.9,20,7.0,0.69,0.42,0.057,0.404,0.026,0.027,0.009,0.141,0.009,0.327,Comedy
USR-1609,986.6,32.7,31,8.5,0.78,0.63,0.056,0.429,0.033,0.002,0.007,0.13,0.024,0.32,Comedy
USR-1610,1086.1,22.2,32,8.3,0.66,0.54,0.068,0.331,0.063,0.035,0.006,0.152,0.001,0.344,Animation
USR-1611,918.5,23.7,38,5.7,0.56,0.5,0.044,0.476,0.006,0.075,0.014,0.112,0.0,0.272,Comedy
USR-1612,625.6,21.2,25,6.2,0.75,0.66,0.087,0.298,0.083,0.059,0.001,0.221,0.017,0.233,Comedy
USR-1613,712.3,26.9,24,8.1,0.72,0.48,0.061,0.44,0.038,0.074,0.0,0.127,0.012,0.248,Comedy
USR-1614,1048.4,30.6,36,3.7,0.55,0.53,0.034,0.427,0.036,0.054,0.0,0.164,0.0,0.285,Comedy
USR-1615,824.6,16.3,40,6.8,0.69,0.72,0.107,0.298,0.041,0.069,0.035,0.236,0.0,0.215,Comedy
USR-1616,861.9,27.0,24,5.3,0.75,0.73,0.04,0.441,0.022,0.057,0.011,0.137,0.018,0.274,Comedy
USR-1617,963.8,23.6,40,6.4,0.77,0.74,0.034,0.405,0.062,0.049,0.013,0.096,0.025,0.316,Comedy
USR-1618,954.4,25.6,34,6.6,0.64,0.52,0.087,0.344,0.019,0.038,0.0,0.175,0.0,0.337,Comedy
USR-1619,891.8,27.3,40,6.6,0.61,0.7,0.085,0.268,0.044,0.056,0.015,0.171,0.005,0.356,Animation
USR-1620,818.7,24.1,33,6.3,0.77,0.44,0.049,0.376,0.032,0.068,0.009,0.183,0.026,0.258,Comedy
USR-1621,803.1,24.5,18,5.7,0.53,0.44,0.042,0.414,0.026,0.032,0.013,0.112,0.006,0.355,Comedy
USR-1622,978.7,23.9,33,9.8,0.69,0.27,0.047,0.41,0.092,0.026,0.0,0.124,0.005,0.295,Comedy
USR-1623,933.0,29.9,40,9.2,0.51,0.75,0.062,0.366,0.047,0.042,0.011,0.184,0.007,0.281,Comedy
USR-1624,811.4,27.1,28,5.6,0.76,0.45,0.075,0.444,0.052,0.056,0.006,0.118,0.0,0.25,Comedy
USR-1625,1012.3,26.1,31,8.9,0.62,0.53,0.056,0.339,0.058,0.051,0.002,0.127,0.0,0.367,Animation
USR-1626,830.6,18.6,32,6.5,0.78,0.44,0.061,0.289,0.014,0.014,0.02,0.251,0.024,0.327,Animation
USR-1627,722.3,23.1,16,7.2,0.7,0.63,0.072,0.349,0.068,0.07,0.0,0.133,0.0,0.308,Comedy
USR-1628,736.2,29.5,44,6.9,0.53,0.5,0.071,0.341,0.0,0.044,0.025,0.196,0.02,0.303,Comedy
USR-1629,703.2,25.2,28,6.2,0.79,0.39,0.065,0.397,0.023,0.032,0.016,0.106,0.017,0.343,Comedy
USR-1630,809.1,28.3,37,8.2,0.81,0.6,0.047,0.34,0.033,0.023,0.001,0.173,0.0,0.384,Animation
USR-1631,1035.1,33.8,33,7.2,0.74,0.38,0.057,0.404,0.051,0.092,0.002,0.095,0.001,0.299,Comedy
USR-1632,729.2,30.2,41,6.4,0.57,0.45,0.043,0.46,0.04,0.041,0.007,0.128,0.02,0.261,Comedy
USR-1633,878.3,25.5,36,5.4,0.62,0.3,0.052,0.342,0.039,0.024,0.014,0.172,0.016,0.342,Comedy
USR-1634,751.5,22.4,32,5.9,0.66,0.38,0.033,0.38,0.031,0.045,0.007,0.158,0.003,0.343,Comedy
USR-1635,811.0,12.2,28,5.0,0.58,0.57,0.083,0.395,0.022,0.06,0.015,0.191,0.024,0.21,Comedy
USR-1636,623.5,24.2,38,7.0,0.82,0.31,0.031,0.474,0.009,0.032,0.024,0.107,0.019,0.304,Comedy
USR-1637,816.9,23.4,22,5.6,0.66,0.37,0.036,0.379,0.056,0.058,0.005,0.202,0.013,0.251,Comedy
USR-1638,820.9,27.0,37,6.7,0.38,0.55,0.098,0.354,0.057,0.025,0.0,0.147,0.001,0.318,Comedy
USR-1639,931.0,24.2,27,8.6,0.68,0.48,0.067,0.439,0.069,0.029,0.018,0.097,0.006,0.275,Comedy
USR-1640,883.5,23.4,41,8.4,0.62,0.79,0.003,0.43,0.029,0.0,0.032,0.169,0.015,0.323,Comedy
USR-1641,670.2,16.1,34,7.0,0.64,0.77,0.04,0.344,0.056,0.014,0.014,0.214,0.008,0.309,Comedy
USR-1642,1012.6,20.3,37,6.9,0.61,0.45,0.015,0.405,0.038,0.085,0.0,0.175,0.022,0.259,Comedy
USR-1643,881.5,27.4,34,9.3,0.73,0.62,0.029,0.365,0.059,0.067,0.008,0.139,0.0,0.333,Comedy
USR-1644,879.8,33.6,23,7.6,0.76,0.64,0.0,0.499,0.059,0.041,0.0,0.212,0.0,0.189,Comedy
USR-1645,848.6,24.5,28,6.6,0.68,0.48,0.055,0.284,0.051,0.085,0.019,0.107,0.014,0.385,Animation
USR-1646,772.3,26.6,38,5.3,0.62,0.37,0.031,0.455,0.038,0.042,0.0,0.112,0.006,0.318,Comedy
USR-1647,882.7,29.8,34,7.5,0.65,0.55,0.056,0.488,0.064,0.038,0.008,0.093,0.004,0.249,Comedy
USR-1648,921.3,20.9,41,8.0,0.65,0.53,0.017,0.414,0.053,0.041,0.0,0.164,0.0,0.311,Comedy
USR-1649,588.0,26.8,36,6.2,0.57,0.5,0.051,0.502,0.026,0.037,0.011,0.156,0.01,0.206,Comedy
USR-1650,769.2,21.3,28,7.3,0.71,0.6,0.041,0.388,0.013,0.035,0.006,0.209,0.009,0.298,Comedy
USR-1651,811.8,29.3,29,6.6,0.7,0.46,0.083,0.399,0.035,0.065,0.012,0.166,0.017,0.222,Comedy
USR-1652,888.4,25.8,34,6.8,0.8,0.41,0.07,0.399,0.063,0.038,0.009,0.119,0.01,0.292,Comedy
USR-1653,1029.0,26.5,20,4.0,0.78,0.56,0.066,0.41,0.063,0.055,0.0,0.151,0.009,0.246,Comedy
USR-1654,734.2,21.1,44,6.7,0.58,0.6,0.045,0.386,0.019,0.063,0.017,0.162,0.023,0.285,Comedy
USR-1655,775.3,28.5,36,8.2,0.73,0.41,0.089,0.439,0.017,0.047,0.009,0.083,0.0,0.316,Comedy
USR-1656,773.1,35.4,41,6.2,0.55,0.66,0.019,0.355,0.067,0.021,0.0,0.264,0.016,0.259,Comedy
USR-1657,729.8,20.0,24,7.1,0.72,0.34,0.024,0.389,0.019,0.014,0.036,0.189,0.0,0.328,Comedy
USR-1658,797.9,23.3,41,6.1,0.6,0.48,0.055,0.405,0.057,0.049,0.017,0.179,0.002,0.237,Comedy
USR-1659,965.6,26.2,47,7.4,0.55,0.52,0.08,0.428,0.023,0.031,0.007,0.147,0.0,0.284,Comedy
USR-1660,2334.6,68.9,26,7.7,0.75,0.47,0.196,0.201,0.232,0.09,0.203,0.034,0.022,0.021,Drama
USR-1661,2080.4,58.1,38,9.1,0.74,0.39,0.193,0.19,0.205,0.131,0.191,0.038,0.019,0.033,Drama
USR-1662,2095.9,74.4,29,7.1,0.77,0.31,0.169,0.223,0.222,0.13,0.168,0.04,0.03,0.018,Comedy
USR-1663,1768.0,58.2,25,6.8,0.73,0.34,0.173,0.063,0.311,0.151,0.206,0.046,0.029,0.021,Drama
USR-1664,2010.1,81.9,29,8.3,0.82,0.53,0.2,0.174,0.216,0.144,0.177,0.032,0.045,0.012,Drama
USR-1665,1871.0,63.5,30,9.7,0.8,0.37,0.134,0.184,0.259,0.184,0.16,0.031,0.027,0.021,Drama
USR-1666,2215.0,73.1,33,6.2,0.84,0.36,0.15,0.195,0.279,0.11,0.164,0.039,0.042,0.02,Drama
USR-1667,1802.7,74.0,33,7.8,0.7,0.3,0.097,0.188,0.234,0.106,0.269,0.056,0.019,0.031,Sci-Fi
USR-1668,2498.9,57.5,27,5.4,0.75,0.21,0.116,0.187,0.239,0.133,0.254,0.043,0.014,0.014,Sci-Fi
USR-1669,1597.3,40.4,35,7.4,0.76,0.37,0.092,0.198,0.323,0.101,0.189,0.066,0.017,0.014,Drama
USR-1670,1858.0,69.3,28,8.1,0.82,0.41,0.169,0.202,0.271,0.125,0.123,0.051,0.035,0.024,Drama
USR-1671,2603.2,65.9,31,6.7,0.72,0.48,0.062,0.217,0.215,0.105,0.287,0.024,0.062,0.029,Sci-Fi
USR-1672,1969.5,71.7,35,7.3,0.85,0.18,0.117,0.167,0.236,0.167,0.23,0.053,0.019,0.01,Drama
USR-1673,1705.5,62.3,28,5.9,0.87,0.28,0.029,0.236,0.238,0.139,0.243,0.059,0.024,0.032,Sci-Fi
USR-1674,2165.7,59.8,29,8.1,0.7,0.33,0.135,0.11,0.337,0.08,0.265,0.048,0.021,0.003,Drama
USR-1675,1957.4,89.1,34,9.6,0.74,0.38,0.143,0.167,0.234,0.108,0.282,0.022,0.013,0.031,Sci-Fi
USR-1676,1849.2,47.3,27,6.4,0.74,0.37,0.188,0.218,0.19,0.132,0.185,0.046,0.034,0.007,Comedy
USR-1677,1771.2,73.8,30,7.1,0.99,0.37,0.15,0.202,0.195,0.14,0.203,0.045,0.029,0.035,Sci-Fi
USR-1678,2930.5,58.1,34,8.8,0.75,0.42,0.136,0.235,0.259,0.096,0.202,0.032,0.035,0.005,Drama
USR-1679,2024.5,61.0,42,9.8,0.91,0.3,0.181,0.152,0.272,0.133,0.198,0.02,0.015,0.03,Drama
USR-1680,1522.3,61.2,35,5.8,0.68,0.46,0.165,0.158,0.209,0.067,0.277,0.053,0.051,0.021,Sci-Fi
USR-1681,2548.1,55.4,34,7.7,0.7,0.42,0.167,0.172,0.241,0.129,0.194,0.05,0.028,0.018,Drama
USR-1682,2283.3,71.9,34,8.4,0.73,0.35,0.11,0.262,0.174,0.166,0.18,0.045,0.038,0.024,Comedy
USR-1683,1870.1,81.7,26,7.8,0.71,0.52,0.115,0.161,0.312,0.107,0.212,0.05,0.016,0.027,Drama
USR-1684,1820.1,70.6,32,4.3,0.76,0.52,0.124,0.194,0.331,0.079,0.202,0.029,0.03,0.012,Drama
USR-1685,2302.0,66.2,31,8.8,0.72,0.46,0.156,0.154,0.24,0.128,0.233,0.043,0.034,0.012,Drama
USR-1686,2025.9,53.2,33,10.3,0.71,0.11,0.152,0.212,0.234,0.101,0.181,0.06,0.033,0.026,Drama
USR-1687,1522.2,71.2,32,8.2,0.87,0.52,0.188,0.14,0.242,0.123,0.238,0.038,0.028,0.003,Drama
USR-1688,2636.2,90.9,33,6.5,0.88,0.45,0.17,0.181,0.333,0.096,0.153,0.017,0.036,0.015,Drama
USR-1689,1969.8,60.4,30,7.2,0.86,0.56,0.047,0.128,0.307,0.11,0.284,0.046,0.021,0.057,Drama
USR-1690,2548.7,60.5,32,10.7,0.82,0.49,0.203,0.146,0.272,0.075,0.214,0.036,0.04,0.013,Drama
USR-1691,2483.5,58.3,25,9.4,0.79,0.52,0.113,0.222,0.208,0.154,0.158,0.068,0.038,0.039,Comedy
USR-1692,1799.7,59.1,30,9.0,0.74,0.46,0.129,0.148,0.226,0.134,0.244,0.066,0.038,0.016,Sci-Fi
USR-1693,2410.0,32.1,38,8.5,0.7,0.5,0.12,0.269,0.258,0.086,0.193,0.017,0.031,0.026,Comedy
USR-1694,1904.6,69.9,33,7.0,0.81,0.56,0.149,0.118,0.262,0.152,0.188,0.079,0.021,0.032,Drama
USR-1695,1540.0,54.9,31,7.7,0.69,0.4,0.11,0.172,0.301,0.175,0.154,0.032,0.02,0.036,Drama
USR-1696,1972.6,45.7,41,7.9,0.7,0.24,0.161,0.184,0.227,0.116,0.203,0.083,0.008,0.018,Drama
USR-1697,2219.3,74.0,25,8.8,0.87,0.35,0.098,0.174,0.207,0.135,0.252,0.052,0.04,0.042,Sci-Fi
USR-1698,1961.2,52.0,26,10.3,0.93,0.42,0.178,0.148,0.208,0.139,0.243,0.027,0.042,0.015,Sci-Fi
USR-1699,2007.9,60.9,40,9.7,0.81,0.39,0.221,0.131,0.303,0.077,0.187,0.025,0.035,0.021,Drama
USR-1700,2443.1,82.6,32,5.9,0.87,0.27,0.093,0.134,0.282,0.174,0.21,0.055,0.032,0.021,Drama
USR-1701,2131.9,48.1,30,8.3,0.76,0.23,0.138,0.167,0.334,0.105,0.197,0.042,0.009,0.009,Drama
USR-1702,1847.0,46.6,26,9.1,0.67,0.31,0.052,0.271,0.291,0.147,0.15,0.051,0.021,0.018,Drama
USR-1703,2310.6,68.2,34,8.9,0.83,0.45,0.142,0.189,0.235,0.147,0.147,0.085,0.033,0.022,Drama
USR-1704,2159.3,78.8,34,7.1,0.83,0.52,0.158,0.205,0.285,0.104,0.173,0.032,0.028,0.014,Drama
USR-1705,1343.5,46.1,26,12.4,0.79,0.46,0.165,0.185,0.229,0.128,0.179,0.047,0.026,0.041,Drama
USR-1706,2228.5,69.9,31,6.1,0.76,0.48,0.136,0.2,0.232,0.113,0.208,0.07,0.03,0.01,Drama
USR-1707,2217.5,72.0,30,6.4,0.86,0.37,0.2,0.073,0.268,0.084,0.249,0.06,0.033,0.034,Drama
USR-1708,2106.0,40.3,33,8.4,0.7,0.22,0.27,0.18,0.11,0.118,0.24,0.019,0.033,0.031,Action
USR-1709,2367.5,74.6,26,11.2,0.72,0.34,0.186,0.198,0.281,0.086,0.161,0.051,0.02,0.017,Drama
USR-1710,1898.3,75.5,38,6.7,0.7,0.36,0.145,0.177,0.309,0.119,0.163,0.03,0.045,0.013,Drama
USR-1711,2200.9,61.3,36,7.6,0.79,0.34,0.09,0.245,0.261,0.079,0.212,0.076,0.025,0.012,Drama
USR-1712,1629.9,80.0,30,9.6,0.69,0.38,0.126,0.226,0.233,0.145,0.209,0.032,0.016,0.014,Drama
USR-1713,2222.1,78.6,30,8.0,0.73,0.42,0.12,0.172,0.275,0.179,0.111,0.117,0.024,0.002,Drama
USR-1714,2685.9,66.2,31,7.5,0.72,0.46,0.172,0.163,0.225,0.152,0.17,0.081,0.027,0.01,Drama
USR-1715,1801.5,59.6,28,8.8,0.76,0.35,0.11,0.15,0.301,0.17,0.185,0.037,0.043,0.006,Drama
USR-1716,1872.1,53.3,29,8.4,0.66,0.21,0.161,0.169,0.202,0.12,0.224,0.055,0.032,0.037,Sci-Fi
USR-1717,1887.0,64.5,30,9.5,0.79,0.34,0.191,0.136,0.27,0.105,0.175,0.068,0.029,0.027,Drama
USR-1718,2139.0,71.8,40,9.9,0.88,0.38,0.142,0.192,0.271,0.094,0.193,0.064,0.017,0.027,Drama
USR-1719,1781.1,61.1,36,8.5,0.79,0.49,0.121,0.131,0.259,0.15,0.207,0.063,0.041,0.028,Drama
USR-1720,2226.4,38.6,36,8.4,0.9,0.33,0.177,0.184,0.242,0.114,0.174,0.068,0.021,0.02,Drama
USR-1721,2354.1,80.2,33,8.3,0.89,0.43,0.085,0.233,0.228,0.134,0.195,0.054,0.033,0.039,Comedy
USR-1722,2260.3,67.3,26,8.7,0.84,0.41,0.154,0.128,0.227,0.179,0.197,0.048,0.051,0.016,Drama
USR-1723,1569.5,60.4,31,8.1,0.79,0.38,0.143,0.233,0.252,0.127,0.151,0.041,0.034,0.02,Drama
USR-1724,2398.6,75.3,36,8.0,0.78,0.46,0.143,0.19,0.27,0.09,0.204,0.064,0.013,0.026,Drama
USR-1725,2381.2,83.3,25,9.8,0.84,0.32,0.17,0.228,0.169,0.108,0.242,0.062,0.013,0.007,Sci-Fi
USR-1726,2349.0,31.4,35,10.3,0.75,0.33,0.167,0.143,0.264,0.134,0.162,0.053,0.028,0.049,Drama
USR-1727,2211.9,70.2,43,5.7,0.63,0.38,0.136,0.188,0.204,0.138,0.239,0.06,0.016,0.019,Sci-Fi
USR-1728,2166.1,47.9,37,8.0,0.82,0.32,0.136,0.227,0.242,0.138,0.189,0.009,0.037,0.022,Drama
USR-1729,2409.7,71.0,39,7.0,0.69,0.43,0.127,0.168,0.174,0.168,0.249,0.054,0.029,0.031,Sci-Fi
USR-1730,2677.1,66.5,33,7.5,0.7,0.32,0.119,0.247,0.197,0.161,0.166,0.052,0.03,0.028,Comedy
USR-1731,1814.1,72.6,36,8.6,0.78,0.4,0.174,0.175,0.287,0.128,0.114,0.08,0.022,0.02,Drama
USR-1732,2423.4,59.0,28,9.0,0.77,0.37,0.124,0.226,0.252,0.095,0.216,0.019,0.047,0.021,Drama
USR-1733,2074.1,42.5,35,7.8,0.67,0.4,0.177,0.184,0.222,0.077,0.202,0.078,0.056,0.005,Drama
USR-1734,2061.1,59.6,35,5.1,0.79,0.34,0.151,0.203,0.244,0.108,0.201,0.051,0.027,0.014,Drama
USR-1735,1639.0,69.9,33,6.6,0.86,0.35,0.136,0.119,0.288,0.15,0.183,0.063,0.035,0.026,Drama
USR-1736,2014.6,77.2,38,9.3,0.69,0.39,0.151,0.169,0.236,0.151,0.172,0.072,0.027,0.021,Drama
USR-1737,1800.8,50.9,29,3.9,0.88,0.4,0.127,0.158,0.259,0.139,0.189,0.064,0.029,0.034,Drama
USR-1738,1960.8,77.3,31,9.8,0.66,0.38,0.164,0.137,0.285,0.145,0.176,0.054,0.02,0.018,Drama
USR-1739,1770.5,57.2,32,8.8,0.95,0.53,0.14,0.22,0.263,0.099,0.206,0.048,0.017,0.005,Drama
USR-1740,1965.3,69.3,26,10.0,0.75,0.29,0.126,0.171,0.27,0.138,0.207,0.04,0.019,0.03,Drama
USR-1741,1978.2,58.9,33,7.7,0.79,0.37,0.163,0.133,0.241,0.138,0.214,0.047,0.032,0.033,Drama
USR-1742,2129.0,67.2,23,4.9,0.63,0.24,0.179,0.172,0.294,0.063,0.198,0.037,0.026,0.03,Drama
USR-1743,1615.6,75.7,37,8.6,0.78,0.41,0.205,0.134,0.278,0.113,0.195,0.051,0.004,0.019,Drama
USR-1744,1666.3,50.3,32,9.9,0.8,0.28,0.172,0.216,0.276,0.135,0.14,0.003,0.031,0.028,Drama
USR-1745,2208.6,56.8,29,9.4,0.77,0.35,0.158,0.142,0.275,0.12,0.173,0.055,0.028,0.051,Drama
USR-1746,1860.8,67.2,27,7.0,0.73,0.35,0.136,0.262,0.259,0.109,0.087,0.062,0.057,0.028,Comedy
USR-1747,2422.4,93.8,30,8.1,0.7,0.41,0.252,0.238,0.199,0.048,0.179,0.044,0.034,0.007,Action
USR-1748,2167.6,54.6,35,7.2,0.87,0.33,0.109,0.186,0.25,0.127,0.229,0.063,0.018,0.016,Drama
USR-1749,2282.0,89.5,34,6.8,0.78,0.33,0.173,0.186,0.276,0.109,0.205,0.02,0.007,0.024,Drama
USR-1750,2523.2,89.1,28,9.4,0.9,0.51,0.191,0.159,0.196,0.107,0.216,0.101,0.026,0.005,Sci-Fi
USR-1751,2007.1,63.8,27,6.2,0.74,0.41,0.095,0.257,0.249,0.115,0.198,0.044,0.022,0.02,Comedy
USR-1752,1927.7,61.4,35,6.7,0.75,0.33,0.147,0.22,0.271,0.137,0.114,0.048,0.04,0.024,Drama
USR-1753,2361.5,56.7,28,6.3,0.85,0.36,0.138,0.162,0.29,0.132,0.186,0.029,0.028,0.033,Drama
USR-1754,2252.9,64.2,32,5.8,0.65,0.53,0.22,0.163,0.282,0.054,0.145,0.055,0.045,0.036,Drama
USR-1755,2043.8,48.1,32,8.2,0.68,0.36,0.145,0.21,0.219,0.096,0.182,0.093,0.02,0.034,Drama
USR-1756,2517.4,64.1,33,9.7,0.87,0.32,0.151,0.181,0.219,0.12,0.209,0.077,0.043,0.0,Drama
USR-1757,2036.3,83.0,36,7.7,0.69,0.32,0.055,0.251,0.186,0.134,0.244,0.065,0.036,0.028,Comedy
USR-1758,2109.8,57.7,25,5.7,0.63,0.33,0.215,0.128,0.219,0.132,0.21,0.06,0.01,0.027,Drama
USR-1759,2106.4,62.1,22,9.3,0.93,0.33,0.11,0.19,0.247,0.137,0.205,0.044,0.044,0.023,Drama
USR-1760,1819.6,44.6,29,10.5,0.67,0.26,0.182,0.2,0.214,0.121,0.222,0.023,0.035,0.003,Sci-Fi
USR-1761,2123.3,69.5,41,7.0,0.79,0.28,0.143,0.172,0.318,0.108,0.168,0.045,0.033,0.012,Drama
USR-1762,2519.0,68.2,42,7.3,0.79,0.31,0.17,0.205,0.214,0.115,0.208,0.053,0.025,0.01,Drama
USR-1763,2233.5,65.8,41,8.8,0.56,0.43,0.159,0.153,0.276,0.125,0.189,0.062,0.037,0.0,Drama
USR-1764,2109.3,62.4,31,10.4,0.76,0.35,0.202,0.2,0.288,0.086,0.135,0.052,0.017,0.019,Drama
USR-1765,2051.5,61.5,23,7.2,0.82,0.36,0.138,0.176,0.254,0.125,0.193,0.071,0.033,0.01,Drama
USR-1766,2199.3,71.0,20,6.0,0.81,0.49,0.167,0.186,0.204,0.119,0.174,0.07,0.036,0.044,Drama
USR-1767,2324.9,64.7,28,8.9,0.85,0.5,0.177,0.064,0.29,0.129,0.253,0.044,0.022,0.02,Drama
USR-1768,2282.8,68.8,31,9.2,0.75,0.35,0.19,0.191,0.185,0.1,0.237,0.014,0.05,0.033,Sci-Fi
USR-1769,2000.4,67.6,38,8.0,0.84,0.32,0.152,0.131,0.341,0.091,0.153,0.09,0.037,0.005,Drama
USR-1770,2197.4,78.5,36,7.2,0.72,0.3,0.184,0.196,0.234,0.096,0.168,0.073,0.035,0.014,Drama
USR-1771,2244.0,73.1,33,9.5,0.67,0.44,0.195,0.24,0.23,0.11,0.166,0.023,0.015,0.021,Comedy
USR-1772,1797.8,67.3,27,8.8,0.68,0.36,0.229,0.169,0.224,0.058,0.151,0.095,0.061,0.013,Action
USR-1773,2150.5,83.2,27,6.8,0.66,0.35,0.158,0.216,0.161,0.146,0.203,0.074,0.023,0.02,Comedy
USR-1774,1451.6,70.0,33,8.1,0.86,0.31,0.136,0.148,0.188,0.14,0.282,0.05,0.038,0.017,Sci-Fi
USR-1775,2244.8,80.7,35,6.0,0.66,0.31,0.136,0.195,0.26,0.117,0.191,0.07,0.017,0.015,Drama
USR-1776,2298.1,72.3,33,9.0,0.8,0.41,0.092,0.178,0.223,0.102,0.269,0.075,0.023,0.037,Sci-Fi
USR-1777,2324.3,42.9,26,7.6,0.76,0.26,0.181,0.21,0.204,0.103,0.197,0.053,0.032,0.02,Comedy
USR-1778,1981.5,80.7,35,7.3,0.77,0.47,0.146,0.191,0.275,0.101,0.166,0.058,0.039,0.024,Drama
USR-1779,2192.7,66.6,34,8.0,0.89,0.33,0.146,0.172,0.308,0.113,0.167,0.056,0.016,0.023,Drama
USR-1780,2527.2,64.4,26,8.1,0.74,0.37,0.113,0.162,0.281,0.148,0.199,0.037,0.036,0.023,Drama
USR-1781,2524.1,68.4,28,9.3,0.83,0.26,0.098,0.216,0.204,0.151,0.221,0.05,0.041,0.019,Sci-Fi
USR-1782,2091.2,60.9,35,8.9,0.78,0.38,0.163,0.143,0.198,0.176,0.229,0.041,0.027,0.022,Sci-Fi
USR-1783,2141.8,67.7,30,7.8,0.77,0.35,0.149,0.172,0.345,0.099,0.131,0.041,0.043,0.02,Drama
USR-1784,2433.3,57.9,39,9.1,0.96,0.38,0.138,0.138,0.284,0.111,0.259,0.033,0.012,0.025,Drama
USR-1785,1649.8,80.3,34,8.6,0.66,0.51,0.16,0.213,0.264,0.071,0.198,0.038,0.024,0.032,Drama
USR-1786,2003.1,63.6,29,7.4,0.88,0.4,0.177,0.186,0.201,0.121,0.202,0.057,0.038,0.019,Sci-Fi
USR-1787,2500.7,60.4,31,7.8,0.83,0.31,0.135,0.137,0.296,0.136,0.203,0.043,0.021,0.027,Drama
USR-1788,2392.6,53.9,32,7.8,0.74,0.32,0.164,0.174,0.236,0.137,0.183,0.058,0.031,0.017,Drama
USR-1789,2210.8,68.2,28,8.8,0.91,0.43,0.208,0.136,0.243,0.139,0.204,0.017,0.032,0.02,Drama
USR-1790,1648.3,67.2,27,7.4,0.63,0.5,0.17,0.098,0.281,0.123,0.24,0.046,0.027,0.015,Drama
USR-1791,2085.0,69.7,35,7.4,0.74,0.41,0.169,0.194,0.248,0.106,0.181,0.049,0.036,0.017,Drama
USR-1792,1923.0,52.7,36,11.0,0.68,0.44,0.17,0.214,0.201,0.143,0.162,0.046,0.029,0.035,Comedy
USR-1793,2199.3,45.8,35,9.4,0.81,0.43,0.099,0.219,0.258,0.101,0.213,0.051,0.036,0.023,Drama
USR-1794,1857.2,72.5,39,6.9,0.69,0.51,0.11,0.237,0.289,0.097,0.185,0.019,0.042,0.022,Drama
USR-1795,1792.3,82.8,29,8.9,0.81,0.2,0.156,0.143,0.256,0.113,0.239,0.053,0.035,0.005,Drama
USR-1796,1480.5,52.7,40,8.2,0.77,0.44,0.146,0.12,0.257,0.122,0.241,0.061,0.037,0.016,Drama
USR-1797,2466.5,84.1,27,8.6,0.74,0.47,0.166,0.176,0.295,0.065,0.203,0.059,0.018,0.017,Drama
USR-1798,1980.1,68.4,26,8.2,0.81,0.26,0.214,0.164,0.228,0.132,0.147,0.07,0.035,0.012,Drama
USR-1799,2147.1,64.9,23,9.8,0.76,0.3,0.184,0.15,0.266,0.147,0.155,0.055,0.022,0.021,Drama
USR-1800,2099.3,60.2,29,8.5,0.69,0.3,0.231,0.203,0.093,0.135,0.231,0.069,0.02,0.018,Sci-Fi
USR-1801,1779.8,48.4,29,7.9,1.0,0.31,0.147,0.149,0.218,0.183,0.204,0.051,0.028,0.02,Drama
USR-1802,1722.3,76.9,34,9.6,0.74,0.34,0.13,0.118,0.319,0.11,0.205,0.071,0.023,0.023,Drama
USR-1803,1798.4,55.7,33,8.3,0.6,0.4,0.165,0.181,0.257,0.122,0.201,0.021,0.042,0.012,Drama
USR-1804,1883.0,55.6,26,8.2,0.71,0.46,0.139,0.158,0.267,0.127,0.207,0.038,0.045,0.019,Drama
USR-1805,2210.0,76.9,30,8.5,0.68,0.48,0.206,0.184,0.192,0.114,0.193,0.079,0.011,0.02,Action
USR-1806,1861.3,42.4,30,7.9,0.85,0.3,0.201,0.17,0.332,0.122,0.116,0.001,0.024,0.035,Drama
USR-1807,2623.9,46.7,23,8.0,0.81,0.3,0.172,0.226,0.28,0.078,0.157,0.048,0.016,0.023,Drama
USR-1808,2408.1,64.8,27,7.1,0.81,0.5,0.177,0.217,0.259,0.092,0.155,0.065,0.023,0.012,Drama
USR-1809,2342.5,68.5,28,6.9,0.75,0.44,0.076,0.227,0.179,0.128,0.272,0.053,0.038,0.026,Sci-Fi
USR-1810,2064.1,70.8,39,6.5,0.76,0.39,0.18,0.122,0.251,0.163,0.174,0.043,0.029,0.038,Drama
USR-1811,2554.3,61.4,32,5.9,0.75,0.42,0.091,0.224,0.22,0.173,0.193,0.049,0.022,0.027,Comedy
USR-1812,2034.6,95.4,35,6.7,0.77,0.38,0.135,0.219,0.213,0.144,0.188,0.039,0.039,0.023,Comedy
USR-1813,2090.6,62.3,24,7.7,0.85,0.43,0.142,0.186,0.226,0.1,0.259,0.052,0.007,0.028,Sci-Fi
USR-1814,2151.0,62.2,37,8.2,0.81,0.35,0.16,0.211,0.211,0.09,0.227,0.033,0.038,0.031,Sci-Fi
USR-1815,2310.5,55.4,38,7.6,0.82,0.4,0.152,0.15,0.279,0.11,0.188,0.069,0.023,0.029,Drama
USR-1816,2291.1,66.5,22,4.5,0.82,0.24,0.214,0.111,0.162,0.182,0.19,0.082,0.031,0.027,Action
USR-1817,1957.5,72.4,28,10.4,0.85,0.32,0.125,0.149,0.337,0.114,0.172,0.047,0.025,0.031,Drama
USR-1818,1940.1,79.4,34,9.6,0.8,0.32,0.17,0.238,0.261,0.076,0.181,0.021,0.043,0.009,Drama
USR-1819,2292.0,47.1,35,8.7,0.81,0.35,0.179,0.138,0.283,0.12,0.209,0.045,0.02,0.006,Drama
USR-1820,2314.6,62.0,28,10.9,0.88,0.3,0.083,0.176,0.289,0.14,0.217,0.045,0.029,0.021,Drama
USR-1821,1982.0,70.4,30,6.5,0.73,0.33,0.12,0.192,0.188,0.149,0.229,0.064,0.037,0.022,Sci-Fi
USR-1822,1623.8,72.0,29,10.8,0.71,0.24,0.157,0.174,0.237,0.124,0.244,0.033,0.015,0.016,Sci-Fi
USR-1823,2037.8,65.1,32,6.6,0.69,0.43,0.181,0.151,0.227,0.131,0.233,0.032,0.019,0.026,Sci-Fi
USR-1824,2287.1,71.5,37,8.4,0.79,0.37,0.155,0.168,0.293,0.048,0.253,0.055,0.026,0.001,Drama
USR-1825,2641.6,55.3,28,6.1,0.63,0.23,0.11,0.167,0.263,0.131,0.218,0.073,0.022,0.016,Drama
USR-1826,1740.6,83.7,37,8.0,0.82,0.3,0.144,0.123,0.271,0.145,0.243,0.037,0.022,0.015,Drama
USR-1827,1972.0,76.9,28,8.6,0.77,0.41,0.237,0.194,0.226,0.098,0.191,0.024,0.027,0.004,Action
USR-1828,1983.2,48.9,27,7.8,0.87,0.33,0.131,0.189,0.232,0.08,0.209,0.098,0.031,0.03,Drama
USR-1829,2506.7,52.1,36,9.1,0.73,0.32,0.126,0.197,0.306,0.059,0.222,0.06,0.024,0.006,Drama
USR-1830,2089.5,52.4,36,8.1,0.76,0.37,0.151,0.131,0.267,0.149,0.214,0.04,0.036,0.013,Drama
USR-1831,1827.8,73.1,36,7.2,0.87,0.41,0.185,0.133,0.252,0.101,0.209,0.069,0.021,0.03,Drama
USR-1832,2267.6,49.6,25,7.1,0.89,0.25,0.135,0.173,0.291,0.13,0.178,0.049,0.018,0.027,Drama
USR-1833,1978.6,61.0,29,9.2,0.73,0.43,0.155,0.221,0.254,0.126,0.131,0.061,0.045,0.008,Drama
USR-1834,1732.7,70.5,36,7.0,0.79,0.31,0.126,0.19,0.254,0.152,0.183,0.049,0.022,0.025,Drama
USR-1835,1832.2,64.2,32,9.4,0.8,0.38,0.154,0.179,0.263,0.099,0.225,0.045,0.015,0.02,Drama
USR-1836,2620.2,68.1,26,9.8,0.81,0.38,0.146,0.201,0.285,0.097,0.175,0.044,0.012,0.04,Drama
USR-1837,2215.3,52.2,34,5.5,0.76,0.33,0.161,0.187,0.232,0.119,0.22,0.02,0.039,0.023,Drama
USR-1838,2132.3,72.1,28,9.7,0.88,0.29,0.108,0.166,0.254,0.142,0.21,0.08,0.024,0.017,Drama
USR-1839,2025.0,57.6,40,11.1,0.63,0.35,0.126,0.222,0.249,0.124,0.203,0.034,0.03,0.012,Drama
USR-1840,2187.6,61.1,39,8.4,0.75,0.53,0.196,0.165,0.213,0.095,0.264,0.024,0.03,0.013,Sci-Fi
USR-1841,2184.1,67.9,35,8.9,0.82,0.26,0.193,0.162,0.31,0.097,0.11,0.06,0.053,0.015,Drama
USR-1842,2187.7,66.2,38,9.6,0.82,0.53,0.171,0.221,0.261,0.088,0.16,0.033,0.03,0.036,Drama
USR-1843,2134.5,65.3,32,7.6,0.89,0.36,0.143,0.238,0.173,0.151,0.169,0.051,0.055,0.021,Comedy
USR-1844,2360.6,56.0,35,8.3,0.88,0.38,0.184,0.134,0.289,0.109,0.165,0.063,0.031,0.025,Drama
USR-1845,2106.9,61.4,39,6.0,0.76,0.28,0.138,0.234,0.123,0.112,0.234,0.077,0.045,0.039,Sci-Fi
USR-1846,1806.6,65.0,33,8.2,0.88,0.31,0.121,0.207,0.324,0.083,0.178,0.056,0.032,0.0,Drama
USR-1847,1916.3,48.5,30,8.7,0.72,0.33,0.16,0.159,0.287,0.108,0.191,0.039,0.026,0.029,Drama
USR-1848,1506.3,59.4,23,8.8,0.85,0.29,0.194,0.145,0.234,0.111,0.221,0.05,0.024,0.02,Drama
USR-1849,2708.0,69.7,31,9.6,0.92,0.36,0.135,0.194,0.263,0.117,0.17,0.061,0.035,0.026,Drama
USR-1850,2358.8,49.7,36,6.8,0.88,0.34,0.223,0.154,0.259,0.157,0.148,0.014,0.034,0.011,Drama
USR-1851,1851.0,78.9,36,7.2,0.79,0.55,0.16,0.153,0.217,0.163,0.212,0.06,0.024,0.012,Drama
USR-1852,2015.4,80.2,34,10.8,0.75,0.28,0.122,0.222,0.292,0.081,0.197,0.023,0.036,0.028,Drama
USR-1853,1908.9,50.1,29,7.8,0.66,0.39,0.17,0.12,0.251,0.134,0.142,0.094,0.044,0.045,Drama
USR-1854,2562.8,81.3,22,8.3,0.8,0.4,0.14,0.127,0.255,0.101,0.249,0.044,0.053,0.031,Drama
USR-1855,1674.0,63.3,29,7.9,0.69,0.28,0.153,0.165,0.237,0.103,0.234,0.042,0.035,0.03,Drama
USR-1856,2134.3,70.0,30,6.8,0.72,0.44,0.148,0.178,0.183,0.129,0.261,0.034,0.048,0.018,Sci-Fi
USR-1857,2067.4,59.0,30,10.4,0.68,0.34,0.154,0.195,0.253,0.114,0.209,0.038,0.024,0.014,Drama
USR-1858,2348.1,76.1,35,7.2,0.74,0.16,0.101,0.227,0.23,0.113,0.2,0.085,0.033,0.011,Drama
USR-1859,2068.8,69.9,41,6.3,0.78,0.44,0.165,0.16,0.223,0.122,0.221,0.06,0.038,0.013,Drama
USR-1860,1572.5,55.2,32,7.3,0.8,0.28,0.117,0.229,0.269,0.145,0.196,0.021,0.024,0.0,Drama
USR-1861,2024.7,51.0,30,5.0,0.73,0.29,0.104,0.139,0.302,0.099,0.24,0.079,0.025,0.013,Drama
USR-1862,1808.4,47.5,30,7.0,0.87,0.44,0.156,0.2,0.22,0.096,0.2,0.07,0.045,0.014,Drama
USR-1863,2123.9,67.3,32,6.5,0.76,0.35,0.208,0.154,0.254,0.075,0.23,0.043,0.02,0.018,Drama
USR-1864,2530.3,71.9,27,8.9,0.72,0.46,0.132,0.178,0.306,0.092,0.202,0.055,0.016,0.021,Drama
USR-1865,1578.2,72.8,32,7.0,0.8,0.49,0.155,0.153,0.214,0.156,0.219,0.043,0.039,0.021,Sci-Fi
USR-1866,1859.9,63.6,34,9.3,0.94,0.32,0.171,0.196,0.23,0.085,0.185,0.079,0.037,0.018,Drama
USR-1867,1934.2,51.1,33,10.1,0.81,0.45,0.212,0.148,0.284,0.098,0.163,0.039,0.04,0.016,Drama
USR-1868,1985.5,56.8,34,9.2,0.75,0.31,0.136,0.088,0.309,0.128,0.256,0.052,0.029,0.0,Drama
USR-1869,2322.0,78.8,34,7.7,0.66,0.58,0.122,0.196,0.271,0.133,0.185,0.047,0.029,0.016,Drama
USR-1870,2047.9,59.2,23,8.2,0.76,0.32,0.061,0.198,0.313,0.114,0.249,0.021,0.033,0.01,Drama
USR-1871,2224.7,66.7,35,5.7,0.8,0.47,0.128,0.17,0.224,0.148,0.18,0.086,0.042,0.023,Drama
USR-1872,1912.3,52.1,28,7.8,0.75,0.46,0.178,0.208,0.187,0.124,0.224,0.024,0.029,0.026,Sci-Fi
USR-1873,2169.0,69.0,26,6.7,0.65,0.41,0.098,0.184,0.265,0.097,0.229,0.051,0.048,0.027,Drama
USR-1874,2333.3,59.5,26,9.0,0.71,0.32,0.186,0.164,0.245,0.112,0.227,0.016,0.022,0.029,Drama
USR-1875,1880.3,77.6,34,11.9,0.9,0.37,0.125,0.097,0.314,0.117,0.246,0.047,0.033,0.021,Drama
USR-1876,2334.4,74.3,30,8.7,0.89,0.19,0.171,0.189,0.126,0.162,0.241,0.065,0.029,0.016,Sci-Fi
USR-1877,2115.7,59.1,23,5.0,0.71,0.4,0.189,0.234,0.265,0.117,0.126,0.035,0.02,0.013,Drama
USR-1878,2413.6,63.5,34,7.5,0.83,0.41,0.14,0.187,0.258,0.075,0.232,0.07,0.032,0.006,Drama
USR-1879,2039.6,58.4,24,8.2,0.69,0.39,0.171,0.197,0.215,0.129,0.169,0.049,0.037,0.033,Drama
USR-1880,2214.4,48.0,32,8.1,0.89,0.11,0.139,0.205,0.232,0.077,0.215,0.076,0.037,0.019,Drama
USR-1881,2087.8,54.7,33,6.9,0.8,0.27,0.176,0.137,0.218,0.183,0.152,0.076,0.051,0.007,Drama
USR-1882,2071.1,67.4,36,8.4,0.86,0.31,0.17,0.218,0.263,0.097,0.162,0.041,0.037,0.012,Drama
USR-1883,2177.7,68.9,40,6.1,0.64,0.41,0.143,0.231,0.171,0.108,0.249,0.048,0.039,0.011,Sci-Fi
USR-1884,2261.0,66.8,25,6.6,0.83,0.41,0.188,0.154,0.236,0.113,0.216,0.048,0.027,0.018,Drama
USR-1885,1725.1,61.4,31,9.0,0.78,0.36,0.163,0.125,0.295,0.103,0.185,0.058,0.043,0.028,Drama
USR-1886,2530.1,76.2,30,6.5,0.85,0.44,0.122,0.177,0.263,0.111,0.207,0.05,0.054,0.016,Drama
USR-1887,1542.1,65.8,34,8.8,0.85,0.29,0.156,0.097,0.309,0.141,0.202,0.057,0.038,0.0,Drama
USR-1888,1894.6,73.4,33,5.9,0.79,0.43,0.132,0.173,0.273,0.148,0.199,0.04,0.018,0.016,Drama
USR-1889,2071.7,43.7,30,10.6,0.73,0.42,0.143,0.184,0.29,0.133,0.161,0.049,0.023,0.017,Drama
USR-1890,2223.7,17.9,29,6.8,0.84,0.41,0.183,0.18,0.25,0.12,0.175,0.055,0.024,0.013,Drama
USR-1891,2572.9,68.4,26,7.7,0.78,0.36,0.173,0.181,0.236,0.093,0.199,0.066,0.036,0.014,Drama
USR-1892,1542.5,47.9,36,8.5,0.71,0.54,0.075,0.215,0.234,0.142,0.2,0.07,0.04,0.024,Drama
USR-1893,1947.7,62.5,34,7.2,0.71,0.42,0.127,0.144,0.287,0.124,0.199,0.064,0.034,0.02,Drama
USR-1894,1461.9,61.4,36,8.2,0.66,0.29,0.078,0.179,0.308,0.141,0.19,0.051,0.032,0.021,Drama
USR-1895,2109.5,84.0,30,8.9,0.74,0.4,0.134,0.116,0.282,0.158,0.208,0.055,0.023,0.024,Drama
USR-1896,2181.5,69.8,28,9.4,0.87,0.45,0.074,0.18,0.36,0.118,0.187,0.03,0.036,0.016,Drama
USR-1897,2577.2,67.0,26,9.2,0.79,0.33,0.115,0.168,0.251,0.108,0.219,0.075,0.049,0.015,Drama
USR-1898,2136.2,75.0,33,7.7,0.74,0.48,0.088,0.19,0.268,0.135,0.246,0.0,0.04,0.033,Drama
USR-1899,2413.2,69.4,26,7.8,0.84,0.41,0.19,0.179,0.231,0.077,0.197,0.056,0.041,0.029,Drama
USR-1900,2275.2,59.5,41,11.5,0.71,0.17,0.132,0.161,0.313,0.099,0.171,0.064,0.035,0.025,Drama
USR-1901,1969.4,77.9,25,9.4,0.79,0.41,0.166,0.17,0.239,0.119,0.223,0.023,0.027,0.033,Drama
USR-1902,1677.3,51.7,33,6.6,0.77,0.34,0.157,0.179,0.252,0.099,0.196,0.062,0.027,0.027,Drama
USR-1903,2182.5,68.9,39,8.1,0.84,0.43,0.097,0.189,0.24,0.157,0.226,0.038,0.023,0.03,Drama
USR-1904,1652.4,46.4,34,7.5,0.65,0.46,0.178,0.19,0.228,0.092,0.232,0.045,0.03,0.004,Sci-Fi
USR-1905,2488.6,67.4,32,7.8,0.71,0.4,0.201,0.187,0.189,0.103,0.216,0.061,0.023,0.02,Sci-Fi
USR-1906,2051.4,67.3,27,6.2,0.65,0.53,0.169,0.178,0.227,0.131,0.179,0.055,0.043,0.018,Drama
USR-1907,2458.6,85.1,25,7.4,0.76,0.36,0.152,0.19,0.208,0.184,0.185,0.011,0.029,0.042,Drama
USR-1908,1955.9,46.2,35,10.7,0.88,0.44,0.107,0.2,0.243,0.138,0.217,0.035,0.025,0.034,Drama
USR-1909,2180.7,57.8,39,8.9,0.74,0.45,0.108,0.144,0.329,0.14,0.153,0.066,0.047,0.013,Drama
USR-1910,2162.8,74.9,29,4.3,0.74,0.37,0.154,0.152,0.263,0.129,0.204,0.054,0.023,0.022,Drama
USR-1911,2086.5,69.0,26,9.8,0.85,0.45,0.165,0.224,0.254,0.106,0.132,0.073,0.027,0.019,Drama
USR-1912,1970.2,67.2,19,9.6,0.87,0.33,0.141,0.126,0.272,0.077,0.258,0.074,0.03,0.022,Drama
USR-1913,2217.7,53.5,27,7.5,0.77,0.34,0.167,0.154,0.313,0.07,0.23,0.039,0.017,0.009,Drama
USR-1914,1822.2,57.9,31,9.1,0.83,0.26,0.179,0.166,0.162,0.124,0.202,0.101,0.043,0.024,Sci-Fi
USR-1915,1737.2,79.9,39,6.7,0.69,0.4,0.175,0.175,0.194,0.107,0.241,0.052,0.037,0.018,Sci-Fi
USR-1916,2472.8,64.4,35,7.3,0.89,0.41,0.14,0.189,0.238,0.167,0.153,0.035,0.052,0.026,Drama
USR-1917,2318.2,69.5,33,10.2,0.95,0.49,0.144,0.175,0.208,0.13,0.276,0.034,0.021,0.012,Sci-Fi
USR-1918,2119.8,63.6,29,7.6,0.82,0.45,0.144,0.139,0.292,0.142,0.22,0.006,0.039,0.018,Drama
USR-1919,2599.5,50.8,29,5.2,0.61,0.35,0.147,0.216,0.222,0.083,0.191,0.08,0.03,0.031,Drama
USR-1920,2019.7,76.2,39,7.9,0.74,0.27,0.161,0.202,0.257,0.133,0.124,0.081,0.032,0.009,Drama
USR-1921,2496.8,71.0,33,7.9,0.83,0.42,0.225,0.135,0.261,0.093,0.228,0.031,0.016,0.011,Drama
USR-1922,2152.7,92.7,21,9.8,0.75,0.48,0.13,0.119,0.285,0.13,0.208,0.061,0.041,0.026,Drama
USR-1923,1792.6,52.8,28,8.0,0.88,0.45,0.205,0.171,0.171,0.11,0.247,0.063,0.019,0.015,Sci-Fi
USR-1924,2654.4,74.9,27,7.4,0.83,0.48,0.22,0.179,0.211,0.122,0.188,0.032,0.035,0.012,Action
USR-1925,2397.2,49.3,29,9.6,0.72,0.36,0.173,0.272,0.213,0.149,0.15,0.014,0.008,0.02,Comedy
USR-1926,2063.7,66.9,34,8.2,0.78,0.34,0.188,0.207,0.244,0.123,0.173,0.047,0.012,0.005,Drama
USR-1927,2318.2,76.7,31,6.9,0.71,0.31,0.197,0.122,0.219,0.121,0.237,0.049,0.043,0.011,Sci-Fi
USR-1928,1978.9,40.1,31,9.7,0.77,0.37,0.222,0.167,0.248,0.082,0.163,0.046,0.027,0.045,Drama
USR-1929,2348.7,62.5,38,8.3,0.74,0.37,0.121,0.201,0.219,0.155,0.192,0.062,0.023,0.028,Drama
USR-1930,1382.7,58.2,28,8.0,0.87,0.4,0.096,0.193,0.247,0.098,0.23,0.08,0.043,0.013,Drama
USR-1931,1794.1,56.6,41,8.3,0.95,0.37,0.149,0.127,0.196,0.123,0.303,0.044,0.033,0.024,Sci-Fi
USR-1932,2393.8,69.6,28,6.4,0.67,0.37,0.071,0.196,0.233,0.123,0.246,0.06,0.043,0.029,Sci-Fi
USR-1933,2025.1,78.4,32,7.2,0.63,0.31,0.206,0.157,0.191,0.15,0.169,0.067,0.029,0.031,Action
USR-1934,2162.3,63.4,30,8.0,0.76,0.46,0.196,0.134,0.239,0.114,0.183,0.06,0.056,0.018,Drama
USR-1935,1696.0,67.5,32,7.7,0.66,0.39,0.141,0.202,0.22,0.126,0.214,0.04,0.025,0.032,Drama
USR-1936,2654.4,66.4,34,9.9,0.78,0.36,0.127,0.199,0.278,0.127,0.175,0.049,0.045,0.0,Drama
USR-1937,2457.2,65.0,34,8.3,0.84,0.31,0.128,0.186,0.235,0.159,0.205,0.053,0.026,0.008,Drama
USR-1938,2039.8,51.9,28,9.3,0.9,0.26,0.149,0.199,0.242,0.144,0.205,0.027,0.013,0.021,Drama
USR-1939,1978.6,78.3,26,8.0,0.8,0.5,0.153,0.158,0.208,0.116,0.233,0.074,0.034,0.023,Sci-Fi
USR-1940,2408.9,68.5,44,9.6,0.76,0.43,0.16,0.193,0.249,0.111,0.174,0.073,0.031,0.01,Drama
USR-1941,2694.7,69.7,29,8.6,0.62,0.23,0.136,0.182,0.27,0.099,0.24,0.034,0.018,0.021,Drama
USR-1942,2386.1,55.3,35,8.0,0.78,0.45,0.187,0.185,0.256,0.091,0.193,0.054,0.021,0.014,Drama
USR-1943,2751.5,59.5,23,8.0,0.79,0.46,0.163,0.151,0.321,0.101,0.157,0.061,0.029,0.017,Drama
USR-1944,1823.3,62.9,30,6.6,0.83,0.39,0.12,0.153,0.261,0.093,0.275,0.037,0.032,0.029,Sci-Fi
USR-1945,1854.2,46.6,31,8.8,0.72,0.52,0.195,0.175,0.284,0.134,0.122,0.057,0.005,0.028,Drama
USR-1946,1743.3,44.7,34,7.9,0.75,0.4,0.096,0.28,0.259,0.089,0.172,0.054,0.041,0.01,Comedy
USR-1947,2232.5,57.8,18,7.2,0.66,0.25,0.145,0.19,0.28,0.158,0.173,0.02,0.025,0.009,Drama
USR-1948,2152.7,71.3,32,9.7,0.6,0.41,0.173,0.143,0.193,0.131,0.276,0.054,0.015,0.015,Sci-Fi
USR-1949,2054.4,57.2,26,6.1,0.69,0.4,0.124,0.15,0.233,0.124,0.279,0.029,0.04,0.02,Sci-Fi
USR-1950,2342.8,52.8,33,7.4,0.65,0.33,0.15,0.148,0.247,0.111,0.24,0.064,0.028,0.012,Drama
USR-1951,2469.7,55.2,26,9.5,0.81,0.43,0.155,0.242,0.242,0.093,0.169,0.033,0.038,0.028,Drama
USR-1952,1642.3,59.5,27,8.5,0.74,0.23,0.107,0.151,0.254,0.118,0.274,0.043,0.032,0.022,Sci-Fi
USR-1953,1920.9,60.8,30,7.9,0.74,0.47,0.126,0.185,0.261,0.131,0.184,0.066,0.026,0.021,Drama
USR-1954,2346.0,91.0,26,8.4,0.7,0.3,0.156,0.179,0.194,0.107,0.26,0.065,0.031,0.008,Sci-Fi
USR-1955,1959.7,77.7,29,8.3,0.52,0.29,0.143,0.213,0.225,0.083,0.231,0.032,0.039,0.035,Sci-Fi
USR-1956,1860.5,77.3,26,5.7,0.9,0.37,0.218,0.191,0.236,0.127,0.178,0.027,0.023,0.0,Drama
USR-1957,2405.6,79.0,22,7.5,0.7,0.42,0.133,0.175,0.238,0.144,0.212,0.042,0.024,0.032,Drama
USR-1958,1713.1,53.0,37,10.4,0.75,0.39,0.163,0.133,0.36,0.074,0.165,0.05,0.031,0.025,Drama
USR-1959,2009.5,50.3,25,7.0,0.66,0.31,0.124,0.228,0.255,0.091,0.208,0.053,0.026,0.015,Drama
USR-1960,464.6,23.0,11,2.7,0.44,0.96,0.049,0.094,0.51,0.034,0.009,0.262,0.021,0.02,Drama
USR-1961,344.3,43.7,9,1.9,0.29,0.68,0.023,0.147,0.508,0.021,0.0,0.296,0.0,0.005,Drama
USR-1962,355.6,33.0,8,2.2,0.55,0.35,0.074,0.114,0.467,0.021,0.012,0.301,0.009,0.002,Drama
USR-1963,380.6,48.7,14,3.1,0.54,0.57,0.058,0.159,0.404,0.063,0.018,0.285,0.01,0.003,Drama
USR-1964,636.8,47.0,15,1.5,0.37,0.66,0.026,0.096,0.519,0.042,0.002,0.309,0.007,0.0,Drama
USR-1965,471.0,54.7,7,2.2,0.53,0.93,0.034,0.117,0.505,0.035,0.021,0.261,0.016,0.01,Drama
USR-1966,413.1,49.1,3,2.4,0.49,0.8,0.041,0.205,0.403,0.022,0.01,0.301,0.017,0.002,Drama
USR-1967,267.8,50.9,2,2.4,0.3,0.51,0.062,0.121,0.388,0.049,0.013,0.34,0.009,0.019,Drama
USR-1968,362.9,33.3,12,1.8,0.35,1.0,0.037,0.13,0.511,0.038,0.0,0.262,0.007,0.015,Drama
USR-1969,276.8,48.0,8,3.4,0.59,0.65,0.023,0.121,0.488,0.058,0.0,0.247,0.03,0.032,Drama
USR-1970,424.0,59.7,9,1.3,0.49,0.84,0.029,0.109,0.448,0.055,0.013,0.309,0.022,0.016,Drama
USR-1971,362.6,33.1,3,3.0,0.38,0.48,0.047,0.25,0.361,0.018,0.021,0.273,0.013,0.018,Drama
USR-1972,248.8,58.0,6,2.8,0.35,0.29,0.063,0.153,0.484,0.018,0.003,0.254,0.0,0.023,Drama
USR-1973,357.3,34.5,8,3.2,0.39,0.44,0.055,0.175,0.36,0.022,0.03,0.339,0.015,0.004,Drama
USR-1974,273.6,31.5,9,1.1,0.4,0.16,0.028,0.094,0.447,0.024,0.02,0.368,0.019,0.0,Drama
USR-1975,363.6,43.0,7,1.6,0.35,0.97,0.045,0.141,0.426,0.028,0.001,0.349,0.0,0.01,Drama
USR-1976,272.7,47.2,5,3.0,0.24,0.68,0.031,0.187,0.483,0.023,0.01,0.255,0.012,0.0,Drama
USR-1977,352.5,49.1,6,1.0,0.59,0.51,0.051,0.174,0.354,0.045,0.031,0.308,0.005,0.031,Drama
USR-1978,417.5,30.4,12,1.1,0.57,0.72,0.082,0.16,0.397,0.044,0.0,0.288,0.007,0.022,Drama
USR-1979,345.2,44.3,9,1.8,0.3,0.68,0.034,0.108,0.391,0.031,0.016,0.388,0.001,0.033,Drama
USR-1980,314.8,33.1,10,2.2,0.47,0.74,0.054,0.157,0.392,0.048,0.007,0.323,0.008,0.01,Drama
USR-1981,368.3,25.1,6,3.1,0.34,0.83,0.025,0.174,0.465,0.044,0.017,0.236,0.024,0.015,Drama
USR-1982,412.7,30.7,1,2.0,0.42,0.61,0.048,0.1,0.524,0.033,0.029,0.252,0.007,0.007,Drama
USR-1983,250.4,32.5,7,1.7,0.41,0.52,0.043,0.111,0.453,0.01,0.006,0.336,0.021,0.02,Drama
USR-1984,373.5,45.2,6,2.3,0.4,0.77,0.041,0.212,0.381,0.032,0.024,0.307,0.002,0.0,Drama
USR-1985,468.6,51.5,10,2.4,0.69,0.77,0.079,0.164,0.479,0.021,0.029,0.214,0.016,0.0,Drama
USR-1986,401.6,25.3,18,2.4,0.4,0.67,0.038,0.099,0.551,0.036,0.012,0.251,0.011,0.002,Drama
USR-1987,355.2,43.5,11,2.0,0.35,0.98,0.046,0.162,0.459,0.028,0.016,0.277,0.012,0.0,Drama
USR-1988,407.6,28.2,17,0.9,0.36,0.58,0.001,0.132,0.473,0.026,0.004,0.334,0.009,0.021,Drama
USR-1989,390.7,46.3,10,1.5,0.58,0.52,0.05,0.185,0.392,0.036,0.01,0.281,0.017,0.029,Drama
USR-1990,417.8,33.8,7,3.0,0.25,0.71,0.065,0.128,0.434,0.018,0.008,0.346,0.0,0.0,Drama
USR-1991,167.8,29.5,10,2.2,0.36,0.55,0.034,0.201,0.342,0.039,0.021,0.337,0.0,0.026,Drama
USR-1992,210.2,48.0,14,1.9,0.62,0.72,0.0,0.155,0.59,0.022,0.019,0.187,0.012,0.016,Drama
USR-1993,440.4,34.1,14,2.8,0.48,0.53,0.039,0.136,0.439,0.032,0.009,0.345,0.0,0.0,Drama
USR-1994,214.5,36.8,7,1.4,0.47,0.59,0.039,0.146,0.515,0.038,0.024,0.227,0.005,0.006,Drama
USR-1995,386.1,17.8,9,2.0,0.71,0.93,0.061,0.14,0.395,0.02,0.029,0.339,0.011,0.005,Drama
USR-1996,318.3,49.5,4,2.2,0.48,0.59,0.069,0.185,0.453,0.023,0.016,0.239,0.001,0.015,Drama
USR-1997,260.3,48.2,11,1.8,0.37,0.53,0.028,0.124,0.513,0.025,0.004,0.303,0.003,0.0,Drama
USR-1998,381.5,40.1,13,2.2,0.42,0.83,0.026,0.13,0.513,0.029,0.004,0.272,0.015,0.01,Drama
USR-1999,368.1,24.7,9,2.0,0.31,0.49,0.019,0.136,0.413,0.044,0.002,0.362,0.022,0.004,Drama
USR-2000,539.9,52.1,6,1.3,0.6,0.55,0.047,0.164,0.464,0.024,0.021,0.264,0.0,0.016,Drama
USR-2001,293.8,33.3,10,2.2,0.52,0.74,0.061,0.223,0.337,0.03,0.0,0.334,0.005,0.01,Drama
USR-2002,479.6,35.5,10,1.3,0.58,0.79,0.041,0.138,0.637,0.033,0.024,0.117,0.004,0.007,Drama
USR-2003,381.7,63.1,9,2.2,0.6,0.83,0.044,0.176,0.406,0.032,0.0,0.335,0.0,0.006,Drama
USR-2004,290.5,33.0,9,2.9,0.4,0.54,0.046,0.151,0.415,0.023,0.017,0.309,0.011,0.028,Drama
USR-2005,421.9,47.4,8,1.9,0.34,0.74,0.043,0.176,0.445,0.036,0.011,0.264,0.02,0.006,Drama
USR-2006,400.9,45.6,11,1.4,0.44,0.58,0.022,0.148,0.499,0.05,0.024,0.236,0.02,0.0,Drama
USR-2007,353.2,43.9,11,2.0,0.35,0.56,0.03,0.148,0.49,0.029,0.021,0.266,0.001,0.016,Drama
USR-2008,374.0,42.8,6,1.6,0.47,0.83,0.0,0.164,0.361,0.047,0.028,0.391,0.0,0.01,Romance
USR-2009,296.3,43.8,5,2.5,0.59,0.57,0.047,0.199,0.476,0.049,0.026,0.194,0.011,0.0,Drama
USR-2010,275.7,42.7,8,2.0,0.43,0.69,0.033,0.122,0.525,0.033,0.009,0.237,0.015,0.026,Drama
USR-2011,418.3,39.5,11,3.1,0.47,0.67,0.043,0.177,0.336,0.029,0.0,0.398,0.011,0.006,Romance
USR-2012,329.8,55.1,9,2.8,0.44,0.49,0.055,0.145,0.485,0.04,0.0,0.254,0.014,0.007,Drama
USR-2013,342.8,26.9,7,2.0,0.55,0.79,0.041,0.135,0.519,0.015,0.0,0.261,0.018,0.01,Drama
USR-2014,375.2,50.2,9,2.5,0.37,0.73,0.032,0.1,0.457,0.019,0.0,0.367,0.002,0.023,Drama
USR-2015,373.9,48.2,8,1.9,0.19,0.35,0.04,0.193,0.397,0.023,0.01,0.328,0.008,0.0,Drama
USR-2016,221.4,47.0,11,2.1,0.51,0.69,0.012,0.117,0.467,0.052,0.004,0.308,0.026,0.013,Drama
USR-2017,465.8,51.2,9,1.9,0.57,0.53,0.028,0.135,0.443,0.022,0.008,0.326,0.008,0.03,Drama
USR-2018,360.9,39.1,8,2.6,0.5,0.81,0.046,0.154,0.437,0.024,0.017,0.309,0.0,0.013,Drama
USR-2019,331.8,21.3,9,3.0,0.37,0.43,0.025,0.134,0.438,0.019,0.007,0.373,0.003,0.0,Drama
USR-2020,388.8,39.3,12,2.6,0.31,0.6,0.058,0.183,0.436,0.036,0.0,0.282,0.001,0.004,Drama
USR-2021,371.3,30.1,7,2.7,0.51,0.7,0.031,0.157,0.526,0.036,0.011,0.209,0.016,0.014,Drama
USR-2022,419.0,32.7,10,2.7,0.47,0.66,0.045,0.209,0.397,0.042,0.001,0.281,0.001,0.024,Drama
USR-2023,398.4,27.6,8,2.4,0.43,0.76,0.052,0.144,0.428,0.045,0.009,0.298,0.016,0.008,Drama
USR-2024,414.6,35.2,10,1.4,0.67,0.42,0.055,0.156,0.446,0.016,0.023,0.283,0.003,0.018,Drama
USR-2025,471.6,34.0,7,3.1,0.34,0.9,0.054,0.11,0.545,0.02,0.007,0.264,0.0,0.0,Drama
USR-2026,429.5,16.2,9,3.2,0.66,0.73,0.048,0.147,0.403,0.039,0.024,0.328,0.012,0.0,Drama
USR-2027,335.6,47.0,12,2.0,0.45,0.85,0.0,0.152,0.431,0.028,0.025,0.347,0.012,0.005,Drama
USR-2028,248.9,62.2,6,1.9,0.23,0.78,0.057,0.128,0.456,0.037,0.004,0.282,0.014,0.022,Drama
USR-2029,500.1,46.1,5,2.5,0.43,0.65,0.067,0.189,0.417,0.027,0.0,0.286,0.003,0.01,Drama
USR-2030,328.6,38.0,5,2.4,0.57,0.46,0.029,0.12,0.579,0.02,0.009,0.228,0.002,0.012,Drama
USR-2031,307.4,39.5,5,2.0,0.41,0.57,0.049,0.19,0.493,0.03,0.024,0.185,0.015,0.014,Drama
USR-2032,193.7,35.8,10,1.3,0.27,0.89,0.022,0.116,0.493,0.02,0.005,0.299,0.025,0.021,Drama
USR-2033,380.5,40.9,4,2.3,0.43,0.86,0.001,0.163,0.41,0.026,0.02,0.366,0.011,0.004,Drama
USR-2034,363.4,39.6,8,2.4,0.35,0.56,0.025,0.103,0.492,0.032,0.022,0.295,0.014,0.017,Drama
USR-2035,213.6,31.6,10,2.5,0.51,0.23,0.031,0.132,0.503,0.037,0.002,0.285,0.007,0.002,Drama
USR-2036,390.8,56.8,10,2.3,0.54,0.62,0.033,0.147,0.445,0.014,0.003,0.328,0.0,0.03,Drama
USR-2037,305.2,25.1,7,1.9,0.32,0.61,0.02,0.219,0.403,0.029,0.017,0.29,0.019,0.002,Drama
USR-2038,592.1,47.2,9,2.7,0.37,0.61,0.024,0.149,0.385,0.023,0.011,0.387,0.018,0.001,Romance
USR-2039,298.8,39.0,9,2.1,0.54,0.73,0.034,0.186,0.407,0.02,0.003,0.322,0.015,0.013,Drama
USR-2040,310.8,59.0,8,1.8,0.35,0.78,0.022,0.145,0.456,0.029,0.006,0.326,0.007,0.01,Drama
USR-2041,271.3,43.4,8,2.0,0.32,0.8,0.049,0.13,0.425,0.024,0.009,0.334,0.015,0.013,Drama
USR-2042,465.0,36.4,15,1.1,0.31,0.72,0.052,0.204,0.457,0.042,0.0,0.215,0.018,0.012,Drama
USR-2043,316.5,37.5,11,2.0,0.49,0.38,0.078,0.149,0.396,0.037,0.016,0.301,0.023,0.0,Drama
USR-2044,284.8,40.4,16,2.5,0.49,0.6,0.059,0.117,0.432,0.039,0.005,0.304,0.019,0.025,Drama
USR-2045,413.6,28.6,7,2.3,0.37,1.0,0.043,0.163,0.418,0.024,0.0,0.324,0.01,0.018,Drama
USR-2046,225.8,32.3,8,3.0,0.45,0.71,0.028,0.138,0.451,0.02,0.01,0.329,0.0,0.024,Drama
USR-2047,406.3,22.2,5,1.9,0.63,0.71,0.04,0.061,0.574,0.027,0.002,0.282,0.01,0.004,Drama
USR-2048,510.3,30.8,6,2.4,0.33,0.7,0.037,0.15,0.379,0.023,0.021,0.369,0.01,0.011,Drama
USR-2049,401.0,40.9,14,2.6,0.22,0.71,0.028,0.18,0.465,0.022,0.004,0.274,0.016,0.011,Drama
USR-2050,407.4,43.0,7,3.5,0.5,0.29,0.047,0.189,0.41,0.015,0.0,0.301,0.02,0.018,Drama
USR-2051,428.3,20.2,14,2.2,0.44,0.61,0.013,0.175,0.449,0.031,0.016,0.285,0.009,0.023,Drama
USR-2052,503.9,38.6,5,1.5,0.36,0.64,0.031,0.122,0.482,0.023,0.003,0.303,0.027,0.01,Drama
USR-2053,458.9,45.6,5,2.6,0.53,0.84,0.048,0.174,0.404,0.035,0.002,0.337,0.0,0.0,Drama
USR-2054,389.6,38.4,7,3.2,0.55,0.66,0.029,0.157,0.457,0.031,0.013,0.276,0.012,0.024,Drama
USR-2055,431.4,33.7,8,1.9,0.19,0.4,0.032,0.19,0.373,0.036,0.0,0.353,0.002,0.014,Drama
USR-2056,270.3,35.9,11,2.6,0.37,0.71,0.045,0.179,0.451,0.021,0.0,0.299,0.0,0.005,Drama
USR-2057,419.9,34.6,10,2.8,0.73,0.53,0.023,0.143,0.479,0.034,0.027,0.271,0.008,0.014,Drama
USR-2058,259.5,33.6,7,2.7,0.52,0.47,0.071,0.135,0.403,0.025,0.018,0.348,0.0,0.0,Drama
USR-2059,317.0,41.7,8,2.2,0.53,0.52,0.018,0.157,0.452,0.016,0.007,0.323,0.008,0.019,Drama
USR-2060,72.6,63.1,8,1.7,0.59,0.73,0.055,0.104,0.419,0.03,0.012,0.367,0.012,0.0,Drama
USR-2061,386.1,32.6,6,2.1,0.45,0.84,0.043,0.162,0.38,0.036,0.013,0.338,0.019,0.007,Drama
USR-2062,292.1,36.8,6,2.4,0.55,0.72,0.025,0.204,0.395,0.031,0.023,0.307,0.0,0.015,Drama
USR-2063,450.0,39.5,12,2.6,0.54,0.74,0.034,0.143,0.559,0.038,0.002,0.191,0.016,0.017,Drama
USR-2064,385.1,33.1,3,2.3,0.51,0.72,0.025,0.176,0.359,0.04,0.015,0.36,0.012,0.013,Romance
USR-2065,451.2,51.0,13,1.9,0.41,0.67,0.062,0.193,0.412,0.024,0.005,0.27,0.019,0.015,Drama
USR-2066,252.5,16.3,7,2.4,0.47,0.75,0.015,0.162,0.474,0.036,0.007,0.291,0.005,0.009,Drama
USR-2067,443.5,34.7,6,2.6,0.38,0.29,0.026,0.121,0.513,0.033,0.011,0.287,0.0,0.009,Drama
USR-2068,539.5,48.2,11,2.3,0.45,0.67,0.016,0.129,0.528,0.021,0.01,0.285,0.0,0.011,Drama
USR-2069,418.8,37.1,13,1.6,0.31,0.49,0.014,0.125,0.461,0.053,0.019,0.321,0.0,0.009,Drama
USR-2070,421.1,31.8,12,2.0,0.36,0.82,0.062,0.148,0.479,0.028,0.013,0.259,0.013,0.0,Drama
USR-2071,365.3,44.4,10,2.7,0.42,0.63,0.05,0.108,0.511,0.03,0.0,0.275,0.024,0.002,Drama
USR-2072,302.8,49.1,12,1.3,0.34,0.65,0.042,0.188,0.454,0.021,0.0,0.28,0.004,0.012,Drama
USR-2073,418.5,42.1,3,0.8,0.39,0.42,0.026,0.194,0.448,0.04,0.006,0.263,0.016,0.007,Drama
USR-2074,214.5,32.0,7,3.0,0.43,0.8,0.057,0.112,0.417,0.034,0.028,0.344,0.0,0.008,Drama
USR-2075,312.4,44.6,6,2.4,0.5,0.74,0.026,0.156,0.414,0.04,0.002,0.342,0.013,0.007,Drama
USR-2076,190.6,36.0,12,2.5,0.56,0.73,0.045,0.121,0.442,0.02,0.006,0.351,0.013,0.001,Drama
USR-2077,286.7,47.5,7,1.5,0.39,0.53,0.02,0.165,0.495,0.034,0.004,0.276,0.0,0.005,Drama
USR-2078,407.8,54.8,11,2.5,0.61,0.53,0.029,0.227,0.401,0.041,0.005,0.282,0.008,0.007,Drama
USR-2079,395.5,13.9,10,2.3,0.56,0.68,0.05,0.075,0.399,0.021,0.011,0.419,0.016,0.009,Romance
USR-2080,354.6,41.1,6,1.1,0.51,0.55,0.057,0.136,0.433,0.016,0.024,0.321,0.0,0.014,Drama
USR-2081,365.3,22.6,7,3.0,0.47,0.72,0.048,0.129,0.414,0.033,0.013,0.333,0.022,0.008,Drama
USR-2082,180.3,64.4,12,2.2,0.49,0.33,0.02,0.101,0.488,0.015,0.002,0.359,0.015,0.0,Drama
USR-2083,316.5,35.3,6,1.9,0.59,0.58,0.028,0.118,0.473,0.028,0.034,0.304,0.015,0.0,Drama
USR-2084,288.7,47.5,9,1.9,0.6,0.92,0.043,0.165,0.386,0.025,0.011,0.329,0.006,0.036,Drama
USR-2085,290.7,39.6,6,0.9,0.61,0.72,0.028,0.168,0.464,0.051,0.005,0.284,0.0,0.0,Drama
USR-2086,404.0,32.0,8,2.5,0.45,0.68,0.061,0.08,0.5,0.024,0.022,0.294,0.014,0.004,Drama
USR-2087,272.6,30.8,8,2.3,0.52,0.95,0.0,0.273,0.426,0.042,0.005,0.228,0.009,0.016,Drama
USR-2088,295.6,55.9,6,2.0,0.61,0.3,0.027,0.179,0.388,0.028,0.03,0.322,0.011,0.015,Drama
USR-2089,162.2,49.6,6,2.9,0.38,0.53,0.032,0.166,0.442,0.043,0.001,0.276,0.022,0.016,Drama
USR-2090,323.5,59.4,9,1.3,0.41,0.59,0.0,0.112,0.446,0.053,0.026,0.339,0.019,0.006,Drama
USR-2091,252.1,40.6,6,1.7,0.45,0.78,0.011,0.141,0.504,0.017,0.011,0.281,0.026,0.011,Drama
USR-2092,357.1,42.9,6,1.6,0.56,0.78,0.047,0.127,0.465,0.029,0.02,0.292,0.01,0.009,Drama
USR-2093,264.4,37.3,6,1.9,0.56,0.52,0.038,0.07,0.506,0.054,0.027,0.296,0.003,0.006,Drama
USR-2094,359.4,37.1,8,2.1,0.42,0.8,0.071,0.106,0.511,0.03,0.0,0.261,0.008,0.012,Drama
USR-2095,337.0,29.6,11,2.4,0.27,0.59,0.062,0.158,0.457,0.027,0.02,0.247,0.012,0.018,Drama
USR-2096,500.5,40.8,13,1.9,0.48,0.83,0.044,0.208,0.361,0.035,0.0,0.325,0.018,0.009,Drama
USR-2097,394.7,32.1,6,1.6,0.34,0.5,0.044,0.157,0.414,0.029,0.0,0.347,0.0,0.009,Drama
USR-2098,184.4,44.4,15,3.1,0.27,0.63,0.047,0.22,0.42,0.015,0.002,0.262,0.011,0.023,Drama
USR-2099,236.2,41.7,5,3.5,0.3,0.58,0.0,0.162,0.488,0.047,0.017,0.235,0.029,0.022,Drama
USR-2100,355.0,42.9,12,2.2,0.49,0.81,0.012,0.151,0.518,0.01,0.011,0.263,0.008,0.027,Drama
USR-2101,266.3,56.8,6,1.6,0.61,0.57,0.038,0.174,0.414,0.023,0.007,0.326,0.017,0.0,Drama
USR-2102,82.8,39.6,6,3.0,0.45,0.64,0.041,0.169,0.432,0.033,0.009,0.29,0.012,0.015,Drama
USR-2103,471.5,47.6,6,1.2,0.48,0.73,0.049,0.217,0.386,0.028,0.017,0.263,0.021,0.017,Drama
USR-2104,414.8,60.5,8,1.9,0.59,0.73,0.023,0.109,0.5,0.024,0.017,0.325,0.002,0.001,Drama
USR-2105,396.9,53.1,10,1.7,0.26,0.78,0.056,0.142,0.337,0.037,0.02,0.394,0.002,0.012,Romance
USR-2106,295.3,51.5,11,1.4,0.51,0.68,0.064,0.147,0.418,0.02,0.026,0.297,0.009,0.019,Drama
USR-2107,388.5,36.9,6,1.9,0.45,0.59,0.052,0.124,0.454,0.016,0.009,0.343,0.0,0.002,Drama
USR-2108,286.6,42.3,6,1.6,0.52,0.6,0.056,0.154,0.402,0.03,0.004,0.334,0.007,0.013,Drama
USR-2109,368.4,26.8,6,2.1,0.39,0.65,0.028,0.178,0.481,0.027,0.016,0.239,0.012,0.018,Drama
USR-2110,267.1,45.0,8,2.1,0.35,0.69,0.064,0.198,0.389,0.018,0.0,0.301,0.029,0.0,Drama
USR-2111,486.5,42.7,8,1.7,0.47,0.63,0.046,0.231,0.337,0.039,0.003,0.321,0.015,0.009,Drama
USR-2112,208.7,40.2,6,1.9,0.65,0.65,0.047,0.128,0.461,0.032,0.019,0.286,0.015,0.012,Drama
USR-2113,460.9,50.3,9,2.0,0.55,0.42,0.041,0.083,0.514,0.023,0.008,0.31,0.019,0.002,Drama
USR-2114,353.5,27.9,15,2.6,0.39,0.75,0.041,0.178,0.4,0.029,0.0,0.351,0.0,0.001,Drama
USR-2115,305.9,56.3,7,2.0,0.29,0.68,0.023,0.232,0.564,0.036,0.0,0.127,0.009,0.009,Drama
USR-2116,365.0,49.0,7,2.6,0.25,0.8,0.04,0.138,0.478,0.044,0.011,0.233,0.036,0.019,Drama
USR-2117,416.0,39.3,10,2.5,0.61,0.65,0.073,0.216,0.417,0.033,0.026,0.205,0.011,0.02,Drama
USR-2118,473.0,38.5,7,2.4,0.34,0.39,0.032,0.185,0.375,0.038,0.022,0.324,0.022,0.001,Drama
USR-2119,378.2,44.8,11,2.9,0.41,0.6,0.054,0.148,0.424,0.034,0.01,0.295,0.018,0.016,Drama
USR-2120,269.8,55.2,6,1.4,0.61,0.62,0.054,0.149,0.413,0.038,0.03,0.314,0.0,0.002,Drama
USR-2121,355.0,41.0,14,1.8,0.26,0.76,0.043,0.144,0.438,0.039,0.011,0.308,0.017,0.0,Drama
USR-2122,513.5,41.4,10,3.2,0.63,0.34,0.082,0.071,0.379,0.025,0.01,0.411,0.014,0.008,Romance
USR-2123,471.3,40.2,7,1.9,0.42,0.66,0.036,0.114,0.414,0.027,0.0,0.371,0.014,0.023,Drama
USR-2124,431.8,57.8,7,0.4,0.31,0.73,0.074,0.141,0.489,0.035,0.006,0.236,0.003,0.017,Drama
USR-2125,421.6,36.3,7,2.0,0.42,0.55,0.05,0.198,0.458,0.049,0.019,0.216,0.0,0.01,Drama
USR-2126,413.0,39.7,13,2.2,0.36,0.66,0.041,0.152,0.428,0.026,0.027,0.313,0.005,0.006,Drama
USR-2127,454.3,54.6,5,0.5,0.5,0.56,0.021,0.12,0.432,0.035,0.002,0.377,0.008,0.006,Drama
USR-2128,308.9,41.5,6,2.9,0.37,0.54,0.033,0.098,0.459,0.023,0.013,0.346,0.019,0.01,Drama
USR-2129,228.0,51.4,7,1.7,0.22,0.59,0.032,0.159,0.435,0.028,0.018,0.301,0.025,0.0,Drama
USR-2130,356.2,30.9,8,2.3,0.42,0.54,0.015,0.204,0.44,0.045,0.01,0.256,0.024,0.007,Drama
USR-2131,276.4,37.9,8,2.0,0.29,0.75,0.03,0.165,0.448,0.032,0.0,0.302,0.016,0.007,Drama
USR-2132,255.0,54.8,4,1.3,0.47,0.54,0.027,0.199,0.427,0.02,0.014,0.312,0.0,0.0,Drama
USR-2133,285.2,33.2,7,1.5,0.31,0.51,0.059,0.104,0.492,0.028,0.02,0.289,0.007,0.002,Drama
USR-2134,573.7,38.5,8,1.5,0.39,0.92,0.075,0.155,0.495,0.049,0.001,0.195,0.014,0.016,Drama
USR-2135,362.3,42.6,7,2.8,0.47,0.79,0.016,0.239,0.368,0.033,0.008,0.321,0.004,0.011,Drama
USR-2136,382.6,30.1,11,2.0,0.42,0.37,0.075,0.197,0.421,0.019,0.0,0.265,0.016,0.007,Drama
USR-2137,240.0,35.9,11,1.8,0.48,0.54,0.05,0.117,0.376,0.029,0.0,0.405,0.023,0.001,Romance
USR-2138,184.1,41.1,8,1.5,0.53,0.69,0.02,0.143,0.584,0.036,0.02,0.157,0.015,0.025,Drama
USR-2139,276.3,40.5,9,2.8,0.31,0.7,0.056,0.168,0.384,0.041,0.01,0.318,0.021,0.002,Drama
USR-2140,479.4,52.8,2,3.0,0.44,0.43,0.033,0.126,0.606,0.032,0.027,0.162,0.001,0.013,Drama
USR-2141,380.1,55.4,7,2.8,0.05,0.82,0.038,0.057,0.448,0.054,0.018,0.361,0.019,0.005,Drama
USR-2142,403.9,31.4,12,2.4,0.48,0.77,0.03,0.144,0.463,0.036,0.006,0.31,0.003,0.01,Drama
USR-2143,416.5,41.1,7,2.3,0.41,0.72,0.027,0.133,0.463,0.031,0.01,0.319,0.001,0.016,Drama
USR-2144,296.8,46.7,6,1.4,0.33,0.85,0.053,0.116,0.455,0.021,0.015,0.325,0.015,0.0,Drama
USR-2145,474.9,55.2,15,2.0,0.49,0.72,0.035,0.138,0.509,0.021,0.02,0.245,0.022,0.01,Drama
USR-2146,293.0,47.2,14,1.7,0.59,0.72,0.011,0.138,0.481,0.032,0.013,0.291,0.014,0.021,Drama
USR-2147,476.6,42.9,10,1.0,0.39,0.88,0.045,0.131,0.447,0.022,0.018,0.304,0.009,0.024,Drama
USR-2148,389.8,46.7,12,2.7,0.34,0.82,0.021,0.155,0.568,0.063,0.009,0.154,0.018,0.012,Drama
USR-2149,189.0,46.7,2,1.7,0.47,0.52,0.019,0.155,0.453,0.049,0.0,0.3,0.012,0.011,Drama
USR-2150,282.7,30.7,6,2.8,0.29,0.74,0.076,0.095,0.383,0.043,0.011,0.354,0.0,0.038,Drama
USR-2151,189.4,41.9,7,2.6,0.37,0.55,0.016,0.161,0.487,0.018,0.012,0.285,0.0,0.021,Drama
USR-2152,454.7,54.6,8,2.4,0.6,0.73,0.0,0.036,0.539,0.023,0.0,0.389,0.009,0.004,Drama
USR-2153,347.8,37.9,7,2.5,0.46,0.72,0.049,0.131,0.547,0.04,0.0,0.219,0.01,0.004,Drama
USR-2154,149.4,41.3,1,1.7,0.22,0.44,0.033,0.182,0.462,0.024,0.014,0.256,0.01,0.019,Drama
USR-2155,383.8,37.6,10,3.2,0.23,0.63,0.046,0.138,0.498,0.053,0.008,0.237,0.021,0.0,Drama
USR-2156,301.7,16.9,10,2.1,0.47,0.69,0.034,0.181,0.318,0.035,0.008,0.395,0.008,0.021,Romance
USR-2157,216.5,40.2,13,2.3,0.55,0.58,0.04,0.174,0.474,0.027,0.006,0.253,0.014,0.012,Drama
USR-2158,501.0,43.0,6,1.7,0.26,0.7,0.036,0.025,0.441,0.033,0.036,0.394,0.012,0.022,Drama
USR-2159,359.7,34.9,6,1.5,0.5,0.77,0.068,0.141,0.414,0.028,0.022,0.291,0.028,0.007,Drama
USR-2160,323.6,28.5,1,2.4,0.61,0.65,0.012,0.041,0.501,0.037,0.0,0.392,0.013,0.004,Drama
USR-2161,314.1,31.2,8,2.2,0.68,0.68,0.046,0.137,0.418,0.038,0.004,0.302,0.031,0.023,Drama
USR-2162,213.8,47.6,11,1.6,0.49,0.86,0.045,0.127,0.385,0.018,0.016,0.391,0.012,0.006,Romance
USR-2163,232.6,59.7,7,1.2,0.51,0.72,0.027,0.055,0.501,0.03,0.017,0.355,0.009,0.006,Drama
USR-2164,465.6,53.8,15,1.3,0.19,0.68,0.024,0.275,0.311,0.037,0.012,0.33,0.001,0.011,Romance
USR-2165,307.4,26.6,8,2.8,0.7,0.51,0.061,0.163,0.457,0.037,0.0,0.27,0.0,0.012,Drama
USR-2166,352.0,48.5,9,1.7,0.38,0.75,0.028,0.164,0.383,0.03,0.004,0.39,0.0,0.0,Romance
USR-2167,166.0,33.4,4,1.9,0.34,0.7,0.028,0.212,0.518,0.017,0.005,0.214,0.001,0.004,Drama
USR-2168,231.4,34.2,9,3.0,0.42,0.84,0.063,0.086,0.445,0.04,0.014,0.332,0.015,0.004,Drama
USR-2169,404.9,35.4,3,1.4,0.63,0.66,0.049,0.121,0.334,0.018,0.033,0.418,0.006,0.022,Romance
USR-2170,384.0,47.1,11,1.7,0.71,0.38,0.005,0.075,0.5,0.056,0.004,0.342,0.015,0.001,Drama
USR-2171,507.8,49.6,11,1.6,0.47,0.39,0.075,0.221,0.403,0.028,0.0,0.251,0.023,0.0,Drama
USR-2172,470.9,39.0,13,3.1,0.57,0.76,0.025,0.141,0.469,0.013,0.008,0.337,0.008,0.0,Drama
USR-2173,329.2,39.2,5,3.3,0.46,0.56,0.033,0.183,0.483,0.026,0.021,0.222,0.032,0.0,Drama
USR-2174,392.6,44.6,9,2.6,0.33,0.72,0.049,0.177,0.52,0.037,0.0,0.192,0.0,0.026,Drama
USR-2175,321.5,45.7,10,2.6,0.63,0.67,0.049,0.162,0.51,0.023,0.023,0.216,0.008,0.01,Drama
USR-2176,534.9,51.8,10,1.8,0.38,0.62,0.084,0.163,0.47,0.032,0.009,0.221,0.005,0.016,Drama
USR-2177,453.4,27.2,6,3.3,0.63,0.64,0.006,0.149,0.474,0.035,0.002,0.3,0.018,0.014,Drama
USR-2178,365.3,40.2,1,2.3,0.61,0.52,0.055,0.149,0.489,0.027,0.0,0.27,0.0,0.01,Drama
USR-2179,368.0,29.3,10,2.6,0.52,0.65,0.064,0.146,0.403,0.024,0.02,0.333,0.0,0.011,Drama
USR-2180,480.0,39.5,8,2.0,0.67,0.56,0.031,0.125,0.478,0.023,0.007,0.311,0.008,0.017,Drama
USR-2181,402.2,37.7,7,1.9,0.72,0.59,0.062,0.178,0.372,0.049,0.013,0.286,0.028,0.013,Drama
USR-2182,490.3,39.5,11,3.1,0.43,0.6,0.05,0.132,0.448,0.04,0.001,0.297,0.011,0.021,Drama
USR-2183,152.6,32.0,8,2.4,0.35,0.62,0.014,0.106,0.384,0.011,0.008,0.457,0.0,0.019,Romance
USR-2184,391.5,25.1,5,3.0,0.23,0.79,0.076,0.097,0.502,0.041,0.005,0.275,0.0,0.004,Drama
USR-2185,303.6,19.1,3,2.3,0.72,0.63,0.007,0.159,0.492,0.027,0.007,0.282,0.022,0.004,Drama
USR-2186,508.1,38.7,5,1.6,0.4,0.8,0.019,0.149,0.469,0.043,0.004,0.309,0.004,0.003,Drama
USR-2187,489.2,35.7,16,1.7,0.59,0.88,0.033,0.167,0.413,0.024,0.0,0.342,0.001,0.021,Drama
USR-2188,353.0,33.2,11,2.2,0.36,0.78,0.081,0.11,0.514,0.013,0.038,0.212,0.026,0.006,Drama
USR-2189,488.2,53.2,9,1.7,0.63,0.73,0.042,0.113,0.524,0.044,0.0,0.249,0.025,0.002,Drama
USR-2190,510.5,31.4,8,1.4,0.37,0.7,0.036,0.106,0.543,0.019,0.011,0.252,0.021,0.012,Drama
USR-2191,356.7,54.2,8,2.8,0.31,0.78,0.072,0.149,0.491,0.017,0.0,0.26,0.001,0.01,Drama
USR-2192,572.5,56.2,12,1.8,0.42,0.66,0.039,0.14,0.482,0.019,0.0,0.305,0.0,0.015,Drama
USR-2193,347.2,20.5,7,2.2,0.39,0.8,0.016,0.202,0.407,0.036,0.011,0.287,0.011,0.029,Drama
USR-2194,330.7,40.9,10,2.3,0.52,0.74,0.032,0.16,0.382,0.032,0.012,0.349,0.014,0.019,Drama
USR-2195,427.9,36.0,7,1.7,0.44,0.6,0.064,0.213,0.38,0.036,0.022,0.262,0.013,0.01,Drama
USR-2196,318.2,10.9,14,3.0,0.53,0.78,0.043,0.174,0.442,0.038,0.015,0.262,0.026,0.0,Drama
USR-2197,357.7,25.6,11,1.4,0.42,0.66,0.091,0.062,0.477,0.03,0.01,0.324,0.0,0.006,Drama
USR-2198,476.8,47.7,12,2.3,0.37,0.63,0.057,0.199,0.412,0.03,0.001,0.263,0.019,0.018,Drama
USR-2199,351.7,60.2,7,2.2,0.38,0.58,0.026,0.087,0.601,0.024,0.024,0.237,0.0,0.0,Drama
